gw,home_team,away_team,home_goals,away_goals,pred_home_xg,pred_away_xg,home_win_prob,draw_prob,away_win_prob,actual_outcome,predicted_outcome,outcome_correct,rps,naive_rps,brier,actual_over_2_5,pred_over_prob,ou_correct,pred_top_score,actual_score,correct_score,xg_mae_home,xg_mae_away
1,Liverpool,Bournemouth,4,2,2.364,1.459,0.5725,0.2043,0.2232,home_win,home_win,True,0.1163,0.2778,0.1827,True,0.73,True,2-1,4-2,False,0.033682317920917804,0.11136773054846993
1,Aston Villa,Newcastle United,0,0,1.951,1.972,0.3858,0.2205,0.3938,draw,away_win,False,0.1519,0.1111,0.1488,False,0.7461,False,1-1,0-0,False,1.6312552136718745,0.5716156169005102
1,Brighton,Fulham,1,1,2.103,1.692,0.4708,0.2207,0.3085,draw,home_win,False,0.1584,0.1111,0.2217,False,0.7259,False,1-1,1-1,True,0.6625947831632653,0.7924365048788263
1,Sunderland,West Ham,3,0,0.92,1.527,0.2156,0.2766,0.5078,home_win,away_win,False,0.4366,0.2778,0.6153,True,0.44,False,0-1,3-0,False,0.19968842629481054,0.9670613959703949
1,Tottenham Hotspur,Burnley,3,0,2.152,1.332,0.5569,0.2182,0.2249,home_win,home_win,True,0.1234,0.2778,0.1963,True,0.6717,True,2-1,3-0,False,0.1718584422750724,0.602424103890306
1,Wolverhampton Wanderers,Manchester City,0,4,1.479,2.141,0.2573,0.2198,0.5229,away_win,away_win,True,0.1469,0.2778,0.0662,True,0.6962,True,1-2,0-4,False,0.958695145915468,0.1593605690688773
1,Nottingham Forest,Brentford,3,1,1.799,1.834,0.3774,0.2308,0.3918,home_win,away_win,False,0.2706,0.2778,0.3876,True,0.6988,True,1-1,3-1,False,0.03900226640624971,0.504337311862245
1,Chelsea,Crystal Palace,0,0,1.931,1.569,0.4585,0.2325,0.3091,draw,home_win,False,0.1529,0.1111,0.2102,False,0.6748,False,1-1,0-0,False,0.5610049962555799,0.5386603345025509
1,Manchester United,Arsenal,0,1,1.254,1.974,0.2321,0.2319,0.536,away_win,away_win,True,0.1346,0.2778,0.0539,False,0.6217,False,1-1,0-1,False,0.1255850261203011,0.6440452447704077
1,Leeds,Everton,1,0,1.504,1.589,0.3542,0.2543,0.3914,home_win,away_win,False,0.2851,0.2778,0.417,False,0.5932,False,1-1,1-0,False,0.876025193179772,0.9186534405293368
2,West Ham,Chelsea,1,5,1.335,1.673,0.2977,0.2549,0.4474,away_win,away_win,True,0.197,0.2778,0.0886,True,0.5749,True,1-1,1-5,False,0.35546819353589654,2.2766126714604598
2,Manchester City,Tottenham Hotspur,0,2,2.694,1.539,0.6169,0.1838,0.1993,away_win,home_win,False,0.5109,0.2778,0.3806,False,0.7892,False,2-1,0-2,False,1.4439969418048468,0.2585837691326529
2,Bournemouth,Wolverhampton Wanderers,1,0,1.722,1.485,0.4276,0.2472,0.3251,home_win,home_win,True,0.2167,0.2778,0.3276,False,0.6174,False,1-1,1-0,False,0.057602528220663585,1.114583069642857
2,Brentford,Aston Villa,1,0,2.114,1.719,0.4679,0.2197,0.3124,home_win,home_win,True,0.1904,0.2778,0.2832,False,0.7321,False,1-1,1-0,False,0.9837994226339282,0.7392991468749996
2,Burnley,Sunderland,2,0,1.299,0.943,0.4385,0.3031,0.2585,home_win,home_win,True,0.1911,0.2778,0.3153,False,0.387,True,1-1,2-0,False,0.29882911191930717,0.17725030024167565
2,Arsenal,Leeds,5,0,2.371,1.239,0.6214,0.199,0.1796,home_win,home_win,True,0.0878,0.2778,0.1433,True,0.694,True,2-1,5-0,False,0.3694635062340561,1.078580325892857
2,Crystal Palace,Nottingham Forest,1,1,1.682,1.668,0.3816,0.2425,0.3759,draw,home_win,False,0.1435,0.1111,0.1456,False,0.6463,False,1-1,1-1,True,0.5817343254259288,0.3381627437499999
2,Everton,Brighton,2,0,1.467,1.937,0.2852,0.2337,0.4811,home_win,away_win,False,0.3712,0.2778,0.5109,False,0.6568,False,1-1,2-0,False,0.3329597505468753,0.14253050781250032
2,Fulham,Manchester United,1,1,1.487,1.283,0.4119,0.2706,0.3176,draw,home_win,False,0.1352,0.1111,0.1696,False,0.5199,False,1-1,1-1,True,0.16284919084821436,0.2671429397480869
2,Newcastle United,Liverpool,2,3,2.167,2.366,0.3631,0.2017,0.4352,away_win,away_win,True,0.2254,0.2778,0.1318,True,0.8261,True,2-2,2-3,False,0.20699450031249933,1.7158739667410714
3,Chelsea,Fulham,2,0,1.904,1.308,0.5081,0.2376,0.2543,home_win,home_win,True,0.1533,0.2778,0.242,False,0.6183,False,1-1,2-0,False,0.526172900052915,0.5678853975446427
3,Manchester United,Burnley,3,2,1.494,1.25,0.4207,0.2714,0.3079,home_win,home_win,True,0.2152,0.2778,0.3356,True,0.5137,True,1-1,3-2,False,2.5263773686968536,0.0796937316964288
3,Sunderland,Brentford,2,1,0.911,2.061,0.1477,0.2162,0.6361,home_win,away_win,False,0.5655,0.2778,0.7264,True,0.5662,True,0-2,2-1,False,0.658989006903699,0.6106989381058676
3,Tottenham Hotspur,Bournemouth,0,1,1.999,1.687,0.4497,0.2263,0.324,away_win,home_win,False,0.3296,0.2778,0.2022,False,0.708,False,1-1,0-1,False,1.8294492018973212,0.43280167283163284
3,Wolverhampton Wanderers,Everton,2,3,1.342,1.34,0.3615,0.2776,0.3609,away_win,home_win,False,0.2695,0.2778,0.1307,True,0.4988,False,1-1,2-3,False,0.40163198899872454,0.6995449439413268
3,Leeds,Newcastle United,0,0,1.543,2.497,0.223,0.1966,0.5804,draw,away_win,False,0.1933,0.1111,0.0498,False,0.763,False,1-2,0-0,False,0.8629798177774232,2.196641216358418
3,Brighton,Manchester City,2,1,1.768,2.092,0.3263,0.2201,0.4536,home_win,away_win,False,0.3298,0.2778,0.4539,True,0.7363,True,1-1,2-1,False,0.44205056334502557,0.038301726849489626
3,Nottingham Forest,West Ham,0,3,1.817,1.267,0.4973,0.2448,0.2579,away_win,home_win,False,0.399,0.2778,0.2473,True,0.5912,True,1-1,0-3,False,1.0971437120535716,0.9734473041135208
3,Liverpool,Arsenal,1,0,2.167,1.903,0.4435,0.2141,0.3424,home_win,home_win,True,0.2135,0.2778,0.3097,False,0.7677,False,2-1,1-0,False,1.6866193190688779,1.4131022783801022
3,Aston Villa,Crystal Palace,0,3,1.865,1.46,0.4662,0.2386,0.2951,away_win,home_win,False,0.3571,0.2778,0.2174,True,0.6413,True,1-1,0-3,False,0.6553020868686219,1.1401560697704083
4,Arsenal,Nottingham Forest,3,0,2.16,1.381,0.5479,0.218,0.2341,home_win,home_win,True,0.1296,0.2778,0.2044,True,0.6822,True,2-1,3-0,False,0.7200581265066965,1.0913351819196424
4,Bournemouth,Brighton,2,1,1.657,1.855,0.342,0.2346,0.4235,home_win,away_win,False,0.3062,0.2778,0.433,True,0.6771,True,1-1,2-1,False,0.21729065468749997,1.2346397828124998
4,Crystal Palace,Sunderland,0,0,1.751,0.824,0.5891,0.2486,0.1623,draw,home_win,False,0.1867,0.1111,0.347,False,0.4723,True,1-0,0-0,False,0.00895971859056166,0.47432440353954075
4,Everton,Aston Villa,0,0,1.455,1.449,0.3691,0.2645,0.3664,draw,home_win,False,0.1352,0.1111,0.1363,False,0.5513,False,1-1,0-0,False,0.4348133320368306,1.0990341631696428
4,Fulham,Leeds,1,0,1.86,1.354,0.4878,0.2406,0.2716,home_win,home_win,True,0.1681,0.2778,0.2624,False,0.6188,False,1-1,1-0,False,0.7198039091517854,0.5240673852678569
4,Newcastle United,Wolverhampton Wanderers,1,0,2.357,1.382,0.5876,0.2035,0.209,home_win,home_win,True,0.1069,0.2778,0.1701,False,0.7163,False,2-1,1-0,False,1.1669108742522316,1.0017371616071427
4,West Ham,Tottenham Hotspur,0,3,1.518,1.708,0.3355,0.247,0.4175,away_win,away_win,True,0.226,0.2778,0.1126,True,0.6213,True,1-1,0-3,False,0.7276167651147958,0.198139457908163
4,Brentford,Chelsea,2,2,1.818,1.9,0.3697,0.2275,0.4028,draw,away_win,False,0.1495,0.1111,0.1367,True,0.7134,True,1-1,2-2,False,0.638193948867187,1.1404805223214283
4,Burnley,Liverpool,0,1,1.254,2.864,0.1352,0.1622,0.7026,away_win,away_win,True,0.0534,0.2778,0.0183,False,0.7729,False,1-2,0-1,False,1.0835731997767857,0.07353805502232102
4,Manchester City,Manchester United,3,0,2.36,1.201,0.6278,0.1986,0.1735,home_win,home_win,True,0.0843,0.2778,0.1385,True,0.6854,True,2-1,3-0,False,0.36044298696588006,0.31919694075255123
5,Liverpool,Everton,2,1,2.153,1.233,0.5794,0.2167,0.2039,home_win,home_win,True,0.1092,0.2778,0.1769,True,0.6531,True,2-1,2-1,True,1.0934302064732142,0.5130962622767856
5,West Ham,Crystal Palace,1,2,1.251,1.654,0.2803,0.2585,0.4612,away_win,away_win,True,0.1844,0.2778,0.0786,True,0.5514,True,1-1,1-2,False,0.7812083583545919,0.686323038520408
5,Wolverhampton Wanderers,Leeds,1,3,1.813,1.254,0.4991,0.2453,0.2556,away_win,home_win,False,0.4017,0.2778,0.2491,True,0.5876,True,1-1,1-3,False,0.24307248125000025,0.7941007688934949
5,Brighton,Tottenham Hotspur,2,2,2.008,1.832,0.4235,0.2226,0.3539,draw,home_win,False,0.1523,0.1111,0.1793,True,0.7331,True,1-1,2-2,False,0.6076297444993624,0.6417322522002551
5,Burnley,Nottingham Forest,1,1,1.305,1.775,0.2735,0.2477,0.4787,draw,away_win,False,0.152,0.1111,0.0748,False,0.5906,False,1-1,1-1,True,0.16519412630739794,0.9453663188775508
5,Manchester United,Chelsea,2,1,1.226,1.796,0.2516,0.2469,0.5015,home_win,away_win,False,0.4058,0.2778,0.5601,True,0.5779,True,1-1,2-1,False,0.11353778271205384,1.3263083575892858
5,Fulham,Brentford,3,1,1.479,1.875,0.2979,0.2376,0.4645,home_win,away_win,False,0.3544,0.2778,0.493,True,0.6471,True,1-1,3-1,False,0.04105861256377574,1.0454502207270409
5,Bournemouth,Newcastle United,0,0,1.484,1.814,0.3091,0.2415,0.4494,draw,away_win,False,0.1488,0.1111,0.0955,False,0.6359,False,1-1,0-0,False,0.9336729106823978,1.6642760793367348
5,Sunderland,Aston Villa,1,1,0.917,1.617,0.202,0.2661,0.5319,draw,away_win,False,0.1619,0.1111,0.0408,False,0.4619,True,0-1,1-1,False,0.023441037187500124,0.6765400082589283
5,Arsenal,Manchester City,1,1,2.11,1.741,0.4627,0.2196,0.3177,draw,home_win,False,0.1575,0.1111,0.2141,False,0.735,False,1-1,1-1,True,1.3900075137906562,0.6213533735650509
6,Brentford,Manchester United,3,1,2.228,1.341,0.5707,0.2125,0.2168,home_win,home_win,True,0.1156,0.2778,0.1843,True,0.687,True,2-1,3-1,False,0.5622006009375005,0.8990879421875002
6,Chelsea,Brighton,1,3,2.198,1.689,0.4916,0.2155,0.293,away_win,home_win,False,0.3707,0.2778,0.2416,True,0.7406,True,2-1,1-3,False,0.16835984798788273,0.790879451403061
6,Crystal Palace,Liverpool,2,1,1.475,2.361,0.2269,0.2047,0.5684,home_win,away_win,False,0.4604,0.2778,0.5977,True,0.7322,True,1-2,2-1,False,2.0547594921875003,0.739319846875
6,Leeds,Bournemouth,2,2,1.324,1.916,0.2562,0.2366,0.5072,draw,away_win,False,0.1615,0.1111,0.0657,True,0.624,True,1-1,2-2,False,0.7259711707031247,0.8556086591517855
6,Manchester City,Burnley,5,1,2.619,1.168,0.6813,0.1766,0.1422,home_win,home_win,True,0.0609,0.2778,0.1016,True,0.7235,True,2-1,5-1,False,0.6013747250924752,0.657572649202806
6,Nottingham Forest,Sunderland,0,1,1.636,0.895,0.5424,0.2636,0.1939,away_win,home_win,False,0.472,0.2778,0.2942,False,0.4614,True,1-0,0-1,False,0.2161706580038265,1.0449011673788267
6,Tottenham Hotspur,Wolverhampton Wanderers,1,1,1.877,1.583,0.4433,0.2353,0.3214,draw,home_win,False,0.1499,0.1111,0.1965,False,0.6673,False,1-1,1-1,True,1.0567004691964286,0.4230567812500001
6,Aston Villa,Fulham,3,1,1.74,1.405,0.4487,0.2483,0.303,home_win,home_win,True,0.1979,0.2778,0.3039,True,0.6044,True,1-1,3-1,False,0.3701606900111605,0.4545740749999998
6,Newcastle United,Arsenal,1,2,1.79,1.858,0.3711,0.2302,0.3987,away_win,away_win,True,0.2496,0.2778,0.1377,True,0.7013,True,1-1,1-2,False,1.0496251837332589,0.21224427276785685
6,Everton,West Ham,1,1,1.623,1.188,0.4681,0.2625,0.2694,draw,home_win,False,0.1458,0.1111,0.2191,False,0.5296,False,1-1,1-1,True,0.7134491252272,0.4076427895089285
7,Bournemouth,Fulham,3,1,1.627,1.426,0.4168,0.2552,0.328,home_win,home_win,True,0.2238,0.2778,0.3401,True,0.5845,True,1-1,3-1,False,0.2968052958864793,0.5855162142219387
7,Leeds,Tottenham Hotspur,1,2,1.417,2.174,0.2397,0.2173,0.5431,away_win,away_win,True,0.1331,0.2778,0.0574,True,0.6912,True,1-2,1-2,True,0.06269524542885607,1.48418874971301
7,Arsenal,West Ham,2,0,2.654,1.162,0.6884,0.1735,0.1381,home_win,home_win,True,0.0581,0.2778,0.0971,False,0.7283,False,2-1,2-0,False,0.40551617534279405,0.30222048950892855
7,Manchester United,Sunderland,2,0,1.445,0.958,0.4758,0.2856,0.2386,home_win,home_win,True,0.1658,0.2778,0.2747,False,0.4289,True,1-1,2-0,False,0.48520455530133955,0.14841998939732137
7,Chelsea,Liverpool,2,1,1.992,2.201,0.355,0.2109,0.434,home_win,away_win,False,0.3022,0.2778,0.416,True,0.7847,True,1-2,2-1,False,0.7519894466214923,0.1411537102359688
7,Aston Villa,Burnley,2,1,2.068,1.184,0.5726,0.2231,0.2043,home_win,home_win,True,0.1122,0.2778,0.1827,True,0.6264,True,1-1,2-1,False,0.3279836458864793,0.6840590602678571
7,Everton,Crystal Palace,2,1,1.384,1.377,0.3652,0.2727,0.362,home_win,home_win,True,0.267,0.2778,0.4029,True,0.5179,True,1-1,2-1,False,0.7559432455516584,0.8028569379783166
7,Newcastle United,Nottingham Forest,2,0,2.031,1.321,0.5335,0.2275,0.2389,home_win,home_win,True,0.1373,0.2778,0.2176,False,0.6466,False,1-1,2-0,False,1.7890195059773597,0.9813597886798466
7,Wolverhampton Wanderers,Brighton,1,1,1.552,2.126,0.2749,0.2206,0.5044,draw,away_win,False,0.165,0.1111,0.0756,False,0.7063,False,1-2,1-1,False,1.181508292952806,0.7357329161989796
7,Brentford,Manchester City,0,1,1.969,2.249,0.3426,0.2095,0.4479,away_win,away_win,True,0.2111,0.2778,0.1174,False,0.788,False,1-2,0-1,False,1.2791879636112882,1.1488819606186222
8,Nottingham Forest,Chelsea,0,3,1.251,1.794,0.2579,0.2469,0.4952,away_win,away_win,True,0.1606,0.2778,0.0665,True,0.5828,True,1-1,0-3,False,0.8087118814572705,0.7661917641900513
8,Sunderland,Wolverhampton Wanderers,2,0,1.149,1.514,0.278,0.2733,0.4488,home_win,away_win,False,0.3613,0.2778,0.5213,False,0.4943,True,1-1,2-0,False,0.1294788969905929,0.8342400276466836
8,Manchester City,Everton,2,0,2.184,1.171,0.6,0.2127,0.1873,home_win,home_win,True,0.0976,0.2778,0.16,False,0.6469,False,2-1,2-0,False,0.29560590368303563,0.38076735937500006
8,Crystal Palace,Bournemouth,3,3,1.449,1.556,0.3469,0.2587,0.3945,draw,away_win,False,0.138,0.1111,0.1203,True,0.574,True,1-1,3-3,False,3.1110189207589283,0.4941557660714284
8,Brighton,Newcastle United,2,1,1.811,1.801,0.3862,0.2317,0.3821,home_win,home_win,True,0.2613,0.2778,0.3767,True,0.6951,True,1-1,2-1,False,0.9511072624999998,0.5209189506696428
8,Burnley,Leeds,2,0,1.505,1.472,0.3772,0.2605,0.3623,home_win,home_win,True,0.2595,0.2778,0.3878,False,0.5678,False,1-1,2-0,False,0.9951666995535711,0.8583018512276785
8,Fulham,Arsenal,0,1,1.326,2.156,0.2231,0.2178,0.559,away_win,away_win,True,0.1221,0.2778,0.0498,False,0.6713,False,1-2,0-1,False,0.8264799083120749,0.07557072852359692
8,Tottenham Hotspur,Aston Villa,1,2,1.774,1.605,0.4154,0.2404,0.3442,away_win,home_win,False,0.3014,0.2778,0.1726,True,0.6519,True,1-1,1-2,False,0.26408462894282736,1.254718127933673
8,Liverpool,Manchester United,1,2,2.701,1.258,0.676,0.1741,0.1499,away_win,home_win,False,0.5898,0.2778,0.4569,True,0.7505,True,2-1,1-2,False,0.09134306736111109,1.272195131473214
8,West Ham,Brentford,0,2,1.371,2.06,0.2456,0.2254,0.529,away_win,away_win,True,0.1411,0.2778,0.0603,False,0.6618,False,1-1,0-2,False,1.1108723566964283,1.40972467557398
9,Leeds,West Ham,2,1,1.523,1.485,0.379,0.2589,0.3621,home_win,home_win,True,0.2584,0.2778,0.3856,True,0.5747,True,1-1,2-1,False,0.6970893677189631,0.9849180314253823
9,Chelsea,Sunderland,1,2,2.186,0.897,0.6646,0.2026,0.1328,away_win,home_win,False,0.5969,0.2778,0.4417,True,0.5905,True,2-0,1-2,False,0.975925381640625,0.6529731077806122
9,Newcastle United,Fulham,2,1,2.022,1.258,0.5457,0.2279,0.2264,home_win,home_win,True,0.1288,0.2778,0.2064,True,0.6322,True,1-1,2-1,False,0.7480608187571747,0.26159711116071427
9,Manchester United,Brighton,4,2,1.651,2.06,0.3064,0.2237,0.4699,home_win,away_win,False,0.351,0.2778,0.4811,True,0.712,True,1-1,4-2,False,0.3089100031090559,1.1097167904017857
9,Brentford,Liverpool,3,2,2.204,2.373,0.3693,0.2008,0.43,home_win,away_win,False,0.2914,0.2778,0.3978,True,0.831,True,2-2,3-2,False,1.065580450007972,0.25269865819515314
9,Aston Villa,Manchester City,1,0,1.528,2.025,0.285,0.2272,0.4878,home_win,away_win,False,0.3746,0.2778,0.5112,False,0.6844,False,1-1,1-0,False,0.6877429257079083,0.6551794882015303
9,Wolverhampton Wanderers,Burnley,2,3,1.604,1.38,0.4207,0.2584,0.3209,away_win,home_win,False,0.3191,0.2778,0.177,True,0.5694,True,1-1,2-3,False,0.976004051679221,0.16974535632971932
9,Arsenal,Crystal Palace,1,0,2.256,1.361,0.5722,0.2106,0.2172,home_win,home_win,True,0.1151,0.2778,0.183,False,0.6956,False,2-1,1-0,False,1.3963046188855226,1.0106071022959182
9,Bournemouth,Nottingham Forest,2,0,1.748,1.275,0.479,0.2504,0.2706,home_win,home_win,True,0.1723,0.2778,0.2714,False,0.5779,False,1-1,2-0,False,1.0879035445471938,0.964592208482143
9,Everton,Tottenham Hotspur,0,3,1.591,1.514,0.39,0.2538,0.3562,away_win,home_win,False,0.2833,0.2778,0.1521,True,0.5959,True,1-1,0-3,False,0.19088470491390286,0.5760643075892857
10,Brighton,Leeds,3,0,2.369,1.352,0.5964,0.2019,0.2017,home_win,home_win,True,0.1018,0.2778,0.1629,True,0.7134,True,2-1,3-0,False,0.27072121495535706,0.9920454254145407
10,Burnley,Arsenal,0,2,1.152,2.269,0.174,0.2049,0.6211,away_win,away_win,True,0.0869,0.2778,0.0303,False,0.6594,False,1-2,0-2,False,0.472030223565051,0.25129484103954125
10,Crystal Palace,Brentford,2,0,1.666,1.818,0.3505,0.2361,0.4134,home_win,away_win,False,0.2964,0.2778,0.4219,False,0.672,False,1-1,2-0,False,0.9363620941326529,0.9979238541135201
10,Fulham,Wolverhampton Wanderers,3,0,1.512,1.39,0.3954,0.2641,0.3405,home_win,home_win,True,0.2407,0.2778,0.3655,True,0.5508,True,1-1,3-0,False,0.398245222098214,1.1804219980070152
10,Nottingham Forest,Manchester United,2,2,1.361,1.536,0.3286,0.2638,0.4076,draw,away_win,False,0.1371,0.1111,0.108,True,0.5497,True,1-1,2-2,False,0.18875109910714305,0.615945084885204
10,Tottenham Hotspur,Chelsea,0,1,1.615,1.936,0.3186,0.2312,0.4502,away_win,away_win,True,0.2019,0.2778,0.1015,False,0.6842,False,1-1,0-1,False,1.4650707138392853,1.4037762589285712
10,Liverpool,Aston Villa,2,0,2.234,1.464,0.5454,0.2134,0.2413,home_win,home_win,True,0.1324,0.2778,0.2067,False,0.7095,False,2-1,2-0,False,0.7635401996137638,1.0238095373086735
10,West Ham,Newcastle United,3,1,1.174,1.815,0.2364,0.2455,0.5181,home_win,away_win,False,0.4257,0.2778,0.5831,True,0.5704,True,1-1,3-1,False,0.23605989306441333,1.2952644279655612
10,Manchester City,Bournemouth,3,1,2.225,1.519,0.532,0.2142,0.2538,home_win,home_win,True,0.1417,0.2778,0.219,True,0.7175,True,2-1,3-1,False,0.26453444120934355,0.6193202992825254
10,Sunderland,Everton,1,1,1.087,1.246,0.3098,0.3009,0.3893,draw,away_win,False,0.1237,0.1111,0.096,False,0.4109,True,1-1,1-1,True,0.0929299624441966,0.2362397113839283
11,Tottenham Hotspur,Manchester United,2,2,1.718,1.661,0.3915,0.2412,0.3674,draw,home_win,False,0.1441,0.1111,0.1533,True,0.6519,True,1-1,2-2,False,0.3579532469387754,0.8406926894292094
11,West Ham,Burnley,3,2,1.497,1.507,0.3682,0.2591,0.3727,home_win,away_win,False,0.2691,0.2778,0.3992,True,0.5739,True,1-1,3-2,False,1.4730046618303574,0.36284221116071436
11,Everton,Fulham,2,0,1.466,1.344,0.3933,0.2692,0.3374,home_win,home_win,True,0.241,0.2778,0.3681,False,0.5296,False,1-1,2-0,False,0.8438241209837376,0.9244937003348215
11,Sunderland,Arsenal,2,2,0.971,1.992,0.1677,0.2255,0.6068,draw,away_win,False,0.1982,0.1111,0.0281,True,0.5645,True,1-1,2-2,False,0.2287048084064095,0.33762799690688805
11,Chelsea,Wolverhampton Wanderers,3,0,2.317,1.133,0.6348,0.2,0.1651,home_win,home_win,True,0.0803,0.2778,0.1333,True,0.6649,True,2-1,3-0,False,1.6628152135443242,1.0228305325892855
11,Aston Villa,Bournemouth,4,0,1.475,1.668,0.3327,0.2509,0.4165,home_win,away_win,False,0.3094,0.2778,0.4454,True,0.604,True,1-1,4-0,False,0.40480504513711746,0.3423298855229593
11,Brentford,Newcastle United,3,1,1.97,1.706,0.4395,0.2274,0.3331,home_win,home_win,True,0.2126,0.2778,0.3142,True,0.7062,True,1-1,3-1,False,0.7700362539062502,1.2762824443558671
11,Crystal Palace,Brighton,0,0,1.788,1.904,0.3625,0.2283,0.4092,draw,away_win,False,0.1494,0.1111,0.1314,False,0.709,False,1-1,0-0,False,0.9484458643176018,1.264183594483418
11,Nottingham Forest,Leeds,3,1,1.588,1.289,0.4362,0.2627,0.3011,home_win,home_win,True,0.2042,0.2778,0.3178,True,0.5449,True,1-1,3-1,False,0.9024614479272963,0.8691207671237242
11,Manchester City,Liverpool,3,0,2.369,2.072,0.4529,0.2031,0.344,home_win,home_win,True,0.2088,0.2778,0.2993,True,0.8156,True,2-2,3-0,False,0.7691267394794319,1.0417933670599486
12,Burnley,Chelsea,0,2,1.205,2.187,0.194,0.2133,0.5927,away_win,away_win,True,0.1018,0.2778,0.0376,False,0.654,False,1-2,0-2,False,0.544856121875,0.46685762362882666
12,Fulham,Sunderland,1,0,1.511,1.142,0.4498,0.2737,0.2764,home_win,home_win,True,0.1896,0.2778,0.3027,False,0.4917,True,1-1,1-0,False,1.3285150108300263,0.9217385367984694
12,Wolverhampton Wanderers,Crystal Palace,0,2,1.219,1.865,0.2395,0.2411,0.5194,away_win,away_win,True,0.1442,0.2778,0.0574,False,0.5912,False,1-1,0-2,False,0.4414654601897321,0.4152108567602042
12,Liverpool,Nottingham Forest,0,3,2.468,1.439,0.5966,0.1966,0.2068,away_win,home_win,False,0.4925,0.2778,0.3559,True,0.7432,True,2-1,0-3,False,0.6780910147893202,0.24946201954719394
12,Brighton,Brentford,2,1,1.989,1.843,0.4173,0.2231,0.3596,home_win,home_win,True,0.2344,0.2778,0.3395,True,0.7319,True,1-1,2-1,False,1.008859952455357,0.356932645089286
12,Bournemouth,West Ham,2,2,1.897,1.356,0.4959,0.2378,0.2663,draw,home_win,False,0.1584,0.1111,0.2459,True,0.6266,True,1-1,2-2,False,1.5834975506058673,0.9655073261001273
12,Newcastle United,Manchester City,2,1,1.639,2.01,0.3118,0.2266,0.4616,home_win,away_win,False,0.3433,0.2778,0.4736,True,0.7016,True,1-1,2-1,False,0.7705663536033167,0.44975361272321424
12,Leeds,Aston Villa,1,2,1.323,1.688,0.2921,0.2541,0.4538,away_win,away_win,True,0.1918,0.2778,0.0853,True,0.5752,True,1-1,1-2,False,0.5274634746651787,0.3277868814572702
12,Arsenal,Tottenham Hotspur,4,1,2.082,1.363,0.5352,0.2238,0.241,home_win,home_win,True,0.137,0.2778,0.216,True,0.6644,True,1-1,4-1,False,0.19838144866071383,1.3334055380261478
12,Manchester United,Everton,0,1,1.704,1.384,0.4445,0.2513,0.3041,away_win,home_win,False,0.3409,0.2778,0.1976,False,0.5922,False,1-1,0-1,False,0.5656542679727361,1.2237926545599491
13,Manchester City,Leeds,3,2,2.941,1.105,0.7437,0.1492,0.1071,home_win,home_win,True,0.0386,0.2778,0.0657,True,0.7624,True,2-1,3-2,False,0.09080030835459185,0.6446818004783164
13,Brentford,Burnley,3,1,2.372,1.323,0.6032,0.2011,0.1957,home_win,home_win,True,0.0979,0.2778,0.1575,True,0.7088,True,2-1,3-1,False,1.3482129403459826,0.45292756460459194
13,Sunderland,Bournemouth,3,2,1.244,1.753,0.2624,0.2504,0.4872,home_win,away_win,False,0.3907,0.2778,0.5441,True,0.5722,True,1-1,3-2,False,0.07383851765146687,0.03678991183035718
13,Everton,Newcastle United,1,4,1.452,1.471,0.364,0.2635,0.3726,away_win,away_win,True,0.2631,0.2778,0.1325,True,0.5556,True,1-1,1-4,False,0.4418791155771684,0.9890541923628828
13,Tottenham Hotspur,Fulham,1,2,1.723,1.483,0.428,0.2472,0.3248,away_win,home_win,False,0.3195,0.2778,0.1832,True,0.6172,True,1-1,1-2,False,0.682543131760204,0.9931798093750002
13,Crystal Palace,Manchester United,1,2,1.732,1.381,0.4518,0.2494,0.2988,away_win,home_win,False,0.3479,0.2778,0.2041,True,0.5977,True,1-1,1-2,False,0.40777846485969427,0.09885327857142867
13,Nottingham Forest,Brighton,0,2,1.487,2.042,0.2735,0.2264,0.5,away_win,away_win,True,0.1624,0.2778,0.0748,False,0.6802,False,1-1,0-2,False,0.5271581502232143,0.01763637608418378
13,West Ham,Liverpool,0,2,1.465,2.357,0.2254,0.2048,0.5697,away_win,away_win,True,0.118,0.2778,0.0508,False,0.73,False,1-2,0-2,False,1.1052547268813777,0.7867111889349492
13,Aston Villa,Wolverhampton Wanderers,1,0,1.964,1.005,0.5923,0.2293,0.1784,home_win,home_win,True,0.099,0.2778,0.1662,False,0.5658,False,1-1,1-0,False,0.8142258428029332,0.31527410640943865
13,Chelsea,Arsenal,1,1,1.73,1.917,0.3473,0.2294,0.4233,draw,away_win,False,0.1499,0.1111,0.1206,False,0.7012,False,1-1,1-1,True,0.9397778248400852,0.6871389220663267
14,Fulham,Manchester City,4,5,1.317,2.255,0.2086,0.21,0.5814,away_win,away_win,True,0.1094,0.2778,0.0435,True,0.6876,True,1-2,4-5,False,0.3474504522465822,0.29482290328443916
14,Bournemouth,Everton,0,1,1.658,1.299,0.4517,0.257,0.2913,away_win,home_win,False,0.3531,0.2778,0.204,False,0.5633,False,1-1,0-1,False,1.0181729994579083,0.09893373906249958
14,Newcastle United,Tottenham Hotspur,2,2,2.134,1.651,0.4859,0.2194,0.2947,draw,home_win,False,0.1615,0.1111,0.2361,True,0.7243,True,2-1,2-2,False,0.24431374185905574,0.6006590714923468
14,Arsenal,Brentford,2,0,2.282,1.436,0.5611,0.2097,0.2292,home_win,home_win,True,0.1226,0.2778,0.1926,False,0.713,False,2-1,2-0,False,0.34791861892454357,0.8461456841517857
14,Brighton,Aston Villa,3,4,1.789,1.462,0.448,0.2436,0.3084,away_win,home_win,False,0.3395,0.2778,0.2007,True,0.6265,True,1-1,3-4,False,0.1708736572066325,1.6976402279974492
14,Burnley,Crystal Palace,0,1,1.183,1.91,0.2249,0.2371,0.538,away_win,away_win,True,0.132,0.2778,0.0506,False,0.5931,False,1-1,0-1,False,0.012641167394770392,0.9201314166135199
14,Wolverhampton Wanderers,Nottingham Forest,0,1,1.237,1.595,0.2866,0.2637,0.4498,away_win,away_win,True,0.1924,0.2778,0.0821,False,0.5346,False,1-1,0-1,False,0.21685021811383898,0.4752812926339285
14,Leeds,Chelsea,3,1,1.285,2.294,0.1973,0.2063,0.5964,home_win,away_win,False,0.5,0.2778,0.6443,True,0.6887,True,1-2,3-1,False,0.9154775467171559,1.3339799729591837
14,Liverpool,Sunderland,1,1,2.268,1.154,0.6204,0.205,0.1746,draw,home_win,False,0.2077,0.1111,0.3849,False,0.6597,False,2-1,1-1,False,0.8875841208971087,0.44428002834821423
14,Manchester United,West Ham,1,1,2.068,1.401,0.524,0.2249,0.2511,draw,home_win,False,0.1688,0.1111,0.2745,False,0.669,False,1-1,1-1,True,0.21205540497448983,0.031429203013392915
15,Aston Villa,Arsenal,2,1,1.472,1.979,0.2799,0.2309,0.4892,home_win,away_win,False,0.3789,0.2778,0.5185,True,0.6656,True,1-1,2-1,False,1.247885202863521,0.11851283689413239
15,Everton,Nottingham Forest,3,0,1.476,1.289,0.4077,0.2711,0.3212,home_win,home_win,True,0.227,0.2778,0.3509,True,0.5189,True,1-1,3-0,False,0.2262845358577803,0.9792742534757652
15,Tottenham Hotspur,Brentford,2,0,1.761,1.891,0.3588,0.2297,0.4115,home_win,away_win,False,0.2903,0.2778,0.4112,False,0.702,False,1-1,2-0,False,0.6591732955994898,1.4208610706313773
15,Newcastle United,Burnley,2,1,2.421,1.243,0.6299,0.1951,0.1751,home_win,home_win,True,0.0838,0.2778,0.137,True,0.7035,True,2-1,2-1,True,0.61107350578125,0.33670384982461776
15,Bournemouth,Chelsea,0,0,1.592,1.9,0.3193,0.2338,0.4469,draw,away_win,False,0.1508,0.1111,0.102,False,0.6733,False,1-1,0-0,False,0.17153126406249974,1.2302099397799742
15,Manchester City,Sunderland,3,0,2.784,1.054,0.7315,0.158,0.1105,home_win,home_win,True,0.0422,0.2778,0.0721,True,0.7312,True,2-1,3-0,False,0.36396190457317124,0.42376557812499993
15,Leeds,Liverpool,3,3,1.527,2.467,0.2236,0.1983,0.5781,draw,away_win,False,0.1921,0.1111,0.05,True,0.7562,True,1-2,3-3,False,0.26334349168686244,0.41658354153380106
15,Brighton,West Ham,1,1,2.236,1.391,0.5616,0.2125,0.2259,draw,home_win,False,0.1832,0.1111,0.3154,False,0.6974,False,2-1,1-1,False,0.13619996387117306,0.3193226001913263
15,Fulham,Crystal Palace,1,2,1.541,1.623,0.3568,0.2508,0.3924,away_win,away_win,True,0.2482,0.2778,0.1273,True,0.6087,True,1-1,1-2,False,0.7714509693877547,0.08652966428571451
15,Wolverhampton Wanderers,Manchester United,1,4,1.112,1.776,0.2274,0.2493,0.5233,away_win,away_win,True,0.1395,0.2778,0.0517,True,0.5473,True,1-1,1-4,False,0.8517551346827168,2.2743278022959186
16,Liverpool,Brighton,2,0,2.253,1.918,0.4583,0.2101,0.3315,home_win,home_win,True,0.2017,0.2778,0.2934,False,0.7816,False,2-1,2-0,False,0.1571085701146422,0.22759794349489804
16,Chelsea,Everton,2,0,1.868,1.181,0.5287,0.2408,0.2305,home_win,home_win,True,0.1376,0.2778,0.2222,False,0.5836,False,1-1,2-0,False,0.7723168436686867,0.15890751406250003
16,Burnley,Fulham,2,3,1.331,1.706,0.2912,0.2525,0.4563,away_win,away_win,True,0.1902,0.2778,0.0848,True,0.5812,True,1-1,2-3,False,0.718670646763393,0.05597165446428565
16,Arsenal,Wolverhampton Wanderers,2,1,2.646,0.742,0.7775,0.1489,0.0737,home_win,home_win,True,0.0275,0.2778,0.0495,True,0.6519,True,2-0,2-1,False,1.0260689780782908,0.12198033960459187
16,West Ham,Aston Villa,2,3,1.196,1.806,0.2429,0.2463,0.5108,away_win,away_win,True,0.1491,0.2778,0.059,True,0.5732,True,1-1,2-3,False,0.08434551017219416,1.2059970691485966
16,Sunderland,Newcastle United,1,0,1.25,1.87,0.2461,0.2405,0.5134,home_win,away_win,False,0.416,0.2778,0.5684,False,0.5991,False,1-1,1-0,False,0.6201921841517856,1.7002679656250002
16,Nottingham Forest,Tottenham Hotspur,3,0,1.455,1.818,0.3018,0.2418,0.4563,home_win,away_win,False,0.3479,0.2778,0.4875,True,0.631,True,1-1,3-0,False,0.8747686130739796,1.438269719706633
16,Crystal Palace,Manchester City,0,3,1.474,2.168,0.2525,0.218,0.5295,away_win,away_win,True,0.1425,0.2778,0.0637,True,0.7001,True,1-2,0-3,False,0.17416515051020398,0.8176761290178569
16,Brentford,Leeds,1,1,2.348,1.383,0.5856,0.2041,0.2103,draw,home_win,False,0.1936,0.1111,0.3429,False,0.7151,False,2-1,1-1,False,1.6481303866430166,0.24684012582908155
16,Manchester United,Bournemouth,4,4,1.743,1.724,0.3852,0.2375,0.3773,draw,home_win,False,0.1454,0.1111,0.1484,True,0.6688,True,1-1,4-4,False,1.4667339800542094,0.625944571795281
17,Newcastle United,Chelsea,2,2,1.923,1.743,0.4221,0.2288,0.3492,draw,home_win,False,0.15,0.1111,0.1781,True,0.7045,True,1-1,2-2,False,0.9569092395703127,0.7128908561862242
17,Bournemouth,Burnley,1,1,2.011,1.401,0.5117,0.229,0.2593,draw,home_win,False,0.1645,0.1111,0.2618,False,0.6583,False,1-1,1-1,True,0.19146082694515276,0.9211663179209184
17,Brighton,Sunderland,0,0,1.878,1.089,0.5527,0.2393,0.208,draw,home_win,False,0.1744,0.1111,0.3055,False,0.5654,False,1-1,0-0,False,0.9578725008928569,0.22089855408163261
17,Manchester City,West Ham,3,0,3.036,1.225,0.7333,0.1491,0.1176,home_win,home_win,True,0.0425,0.2778,0.0711,True,0.7916,True,3-1,3-0,False,0.5442925055728551,0.20541630296556113
17,Wolverhampton Wanderers,Brentford,0,2,1.145,1.835,0.2268,0.2438,0.5295,away_win,away_win,True,0.1364,0.2778,0.0514,False,0.5683,False,1-1,0-2,False,0.12516465603236626,0.27481967248086736
17,Tottenham Hotspur,Liverpool,1,2,1.665,2.209,0.2865,0.215,0.4985,away_win,away_win,True,0.1668,0.2778,0.0821,True,0.7385,True,1-2,1-2,True,0.31539220781249977,0.9790268671556119
17,Leeds,Crystal Palace,4,1,1.434,1.868,0.2886,0.2389,0.4725,home_win,away_win,False,0.3647,0.2778,0.5061,True,0.6367,True,1-1,4-1,False,1.4764702004830996,0.3383925945153059
17,Everton,Arsenal,0,1,1.23,1.878,0.2402,0.2399,0.5199,away_win,away_win,True,0.1441,0.2778,0.0577,False,0.5963,False,1-1,0-1,False,1.019605255078125,0.028005827758290636
17,Aston Villa,Manchester United,2,1,2.166,1.7,0.4826,0.2172,0.3002,home_win,home_win,True,0.1789,0.2778,0.2677,True,0.7372,True,2-1,2-1,True,0.29566709128667057,0.39996394834183646
17,Fulham,Nottingham Forest,1,0,1.613,1.511,0.396,0.2527,0.3513,home_win,home_win,True,0.2441,0.2778,0.3648,False,0.5998,False,1-1,1-0,False,0.09726892330994907,1.0205706733737243
18,Manchester United,Newcastle United,1,0,1.766,1.944,0.3505,0.2272,0.4223,home_win,away_win,False,0.3001,0.2778,0.4218,False,0.7119,False,1-1,1-0,False,0.8255300685905613,0.8140212075892856
18,Nottingham Forest,Manchester City,1,2,1.29,2.573,0.1678,0.1849,0.6473,away_win,away_win,True,0.0763,0.2778,0.0282,True,0.7361,True,1-2,1-2,True,0.6902267609557214,1.1134649207270408
18,Arsenal,Brighton,2,1,2.25,1.494,0.5423,0.2124,0.2453,home_win,home_win,True,0.1348,0.2778,0.2095,True,0.7174,True,2-1,2-1,True,0.29014278768840684,0.7841759310905612
18,Brentford,Bournemouth,4,1,2.033,1.733,0.4481,0.2236,0.3282,home_win,home_win,True,0.2062,0.2778,0.3046,True,0.7212,True,1-1,4-1,False,0.8165567567562184,0.8274714250956636
18,Burnley,Everton,0,0,1.234,1.447,0.3121,0.2758,0.412,draw,away_win,False,0.1336,0.1111,0.0974,False,0.4985,True,1-1,0-0,False,0.016140319722576457,0.1970648575892855
18,Liverpool,Wolverhampton Wanderers,2,1,2.499,0.932,0.7127,0.1747,0.1126,home_win,home_win,True,0.0476,0.2778,0.0825,True,0.6608,True,2-0,2-1,False,0.9286193860826091,0.15217233147321418
18,West Ham,Fulham,0,1,1.362,1.741,0.2928,0.2493,0.458,away_win,away_win,True,0.1897,0.2778,0.0857,False,0.5954,False,1-1,0-1,False,0.22202773357780603,0.6307210930165812
18,Chelsea,Aston Villa,1,2,1.811,1.667,0.4117,0.2365,0.3518,away_win,home_win,False,0.2948,0.2778,0.1695,True,0.6708,True,1-1,1-2,False,0.15893072000637765,0.39322188482142884
18,Sunderland,Leeds,1,1,1.38,1.445,0.3505,0.2688,0.3807,draw,away_win,False,0.1339,0.1111,0.1228,False,0.5329,False,1-1,1-1,True,0.569568380357143,1.1645512
18,Crystal Palace,Tottenham Hotspur,0,1,1.721,1.568,0.4104,0.2445,0.3451,away_win,home_win,False,0.2987,0.2778,0.1684,False,0.6343,False,1-1,0-1,False,0.7913444340194794,0.6981149563775509
19,Nottingham Forest,Everton,0,2,1.304,1.177,0.3858,0.2904,0.3238,away_win,home_win,False,0.303,0.2778,0.1489,False,0.4488,True,1-1,0-2,False,0.44575254987824686,0.5233295493463008
19,Chelsea,Bournemouth,2,2,2.016,1.592,0.4724,0.227,0.3006,draw,home_win,False,0.1568,0.1111,0.2232,True,0.6944,True,1-1,2-2,False,0.3136314809327172,1.8975355127072708
19,West Ham,Brighton,2,2,1.203,1.991,0.2185,0.2301,0.5514,draw,away_win,False,0.1759,0.1111,0.0477,True,0.6145,True,1-1,2-2,False,1.0767415217474487,1.0992110362882652
19,Burnley,Newcastle United,1,3,1.16,2.029,0.2042,0.2262,0.5695,away_win,away_win,True,0.1135,0.2778,0.0417,True,0.6134,True,1-1,1-3,False,0.16950362330994895,0.4614451342633932
19,Manchester United,Wolverhampton Wanderers,1,1,1.947,0.981,0.5944,0.2305,0.1752,draw,home_win,False,0.192,0.1111,0.3533,False,0.5565,False,1-1,1-1,True,0.8168832332589286,0.23863267920918374
19,Arsenal,Aston Villa,4,1,2.125,1.569,0.5006,0.2206,0.2788,home_win,home_win,True,0.1635,0.2778,0.2494,True,0.7092,True,2-1,4-1,False,2.2848777575653703,1.370739838887117
19,Liverpool,Leeds,0,0,2.59,1.532,0.5998,0.1903,0.2099,draw,home_win,False,0.2019,0.1111,0.3598,False,0.7746,False,2-1,0-0,False,0.9103730845178892,1.3723772659438775
19,Crystal Palace,Fulham,1,1,1.472,1.537,0.356,0.2587,0.3852,draw,away_win,False,0.1376,0.1111,0.1268,False,0.5749,False,1-1,1-1,True,0.8784474288903064,0.21282171476403078
19,Brentford,Tottenham Hotspur,0,0,2.154,1.551,0.5107,0.2188,0.2705,draw,home_win,False,0.167,0.1111,0.2608,False,0.711,False,2-1,0-0,False,1.5944965836686857,0.9408442908163263
19,Sunderland,Manchester City,0,0,1.05,2.508,0.1318,0.1801,0.6881,draw,away_win,False,0.2454,0.1111,0.0174,False,0.6844,False,1-2,0-0,False,0.08988014410076528,0.06786808861607163
20,Aston Villa,Nottingham Forest,3,1,2.275,1.259,0.5984,0.2072,0.1944,home_win,home_win,True,0.0996,0.2778,0.1613,True,0.6806,True,2-1,3-1,False,0.8450193646077808,0.3588097902423467
20,Brighton,Burnley,2,0,2.149,1.266,0.5712,0.2175,0.2113,home_win,home_win,True,0.1143,0.2778,0.1839,False,0.6586,False,2-1,2-0,False,0.6793351917729591,1.0160375868941325
20,Wolverhampton Wanderers,West Ham,3,0,1.17,1.409,0.3021,0.2819,0.416,home_win,away_win,False,0.3301,0.2778,0.4871,True,0.4733,False,1-1,3-0,False,1.0703627378826535,1.1687182418686224
20,Bournemouth,Arsenal,2,3,1.397,2.248,0.2257,0.2117,0.5626,away_win,away_win,True,0.1211,0.2778,0.0509,True,0.7005,True,1-2,2-3,False,0.44709946635841846,0.9680138952487243
20,Leeds,Manchester United,1,1,1.823,2.019,0.3502,0.2223,0.4275,draw,away_win,False,0.1527,0.1111,0.1226,False,0.7336,False,1-1,1-1,True,0.8533976805500636,0.0691064511160715
20,Everton,Brentford,2,4,1.394,1.57,0.3307,0.2601,0.4092,away_win,away_win,True,0.2292,0.2778,0.1093,True,0.565,True,1-1,2-4,False,0.3844438931409435,1.4800935739158163
20,Newcastle United,Crystal Palace,2,0,1.999,1.433,0.5021,0.2298,0.2682,home_win,home_win,True,0.1599,0.2778,0.2479,False,0.662,False,1-1,2-0,False,0.7311637348644773,0.1529586340082909
20,Tottenham Hotspur,Sunderland,1,1,1.457,1.059,0.4546,0.2815,0.2639,draw,home_win,False,0.1381,0.1111,0.2067,False,0.4577,True,1-1,1-1,True,0.037038246811224695,0.5893895215561227
20,Fulham,Liverpool,2,2,1.685,1.971,0.3283,0.2278,0.4439,draw,away_win,False,0.1524,0.1111,0.1078,True,0.7029,True,1-1,2-2,False,1.0753997147610779,0.25137845484693866
20,Manchester City,Chelsea,1,1,2.646,1.425,0.6316,0.184,0.1844,draw,home_win,False,0.2165,0.1111,0.399,False,0.7671,False,2-1,1-1,False,1.615606199636628,0.6146131739795919
21,West Ham,Nottingham Forest,1,2,1.272,1.476,0.3169,0.2719,0.4113,away_win,away_win,True,0.2235,0.2778,0.1004,True,0.5148,True,1-1,1-2,False,0.4675526180644136,0.20610854518494914
21,Bournemouth,Tottenham Hotspur,3,2,1.832,1.58,0.4336,0.238,0.3284,home_win,home_win,True,0.2144,0.2778,0.3208,True,0.6583,True,1-1,3-2,False,0.6417357110331634,0.049552531823979784
21,Brentford,Sunderland,3,0,1.915,0.992,0.5848,0.234,0.1812,home_win,home_win,True,0.1026,0.2778,0.1724,True,0.5517,True,1-1,3-0,False,1.9445654636431278,0.5183179286989796
21,Crystal Palace,Aston Villa,0,0,1.342,1.955,0.2544,0.2334,0.5122,draw,away_win,False,0.1635,0.1111,0.0647,False,0.6356,False,1-1,0-0,False,0.011674453124999928,0.11505334598214279
21,Everton,Wolverhampton Wanderers,1,1,1.644,0.934,0.5347,0.2629,0.2025,draw,home_win,False,0.1634,0.1111,0.2859,False,0.4731,True,1-1,1-1,True,0.014442451337691065,0.22381381339285733
21,Fulham,Chelsea,2,1,1.686,1.733,0.3705,0.2395,0.3901,home_win,away_win,False,0.2742,0.2778,0.3963,True,0.6597,True,1-1,2-1,False,0.6262072059766759,0.7170465967793369
21,Manchester City,Brighton,1,1,2.828,1.634,0.6208,0.1778,0.2014,draw,home_win,False,0.213,0.1111,0.3854,False,0.8174,False,2-1,1-1,False,0.13167036409883703,0.304306413010204
21,Burnley,Manchester United,2,2,1.194,2.074,0.2056,0.2227,0.5717,draw,away_win,False,0.1845,0.1111,0.0423,True,0.6296,True,1-1,2-2,False,0.8735583274872447,0.4459638013073981
21,Newcastle United,Leeds,4,3,2.398,1.399,0.5919,0.2008,0.2073,home_win,home_win,True,0.1048,0.2778,0.1665,True,0.7258,True,2-1,4-3,False,0.03187195293845679,0.951235087531888
21,Arsenal,Liverpool,0,0,2.45,1.565,0.567,0.1999,0.2331,draw,home_win,False,0.1879,0.1111,0.3215,False,0.7595,False,2-1,0-0,False,1.750083006875,1.2451551706154336
22,Manchester United,Manchester City,2,0,1.556,2.356,0.2435,0.2059,0.5506,home_win,away_win,False,0.4377,0.2778,0.5722,False,0.7441,False,1-2,2-0,False,1.5139639570790817,1.965824352598852
22,Tottenham Hotspur,West Ham,1,2,1.641,1.284,0.4506,0.2587,0.2906,away_win,home_win,False,0.3531,0.2778,0.2031,True,0.556,True,1-1,1-2,False,0.009313324776785592,1.4858337576530614
22,Liverpool,Burnley,1,1,2.42,1.213,0.6363,0.1942,0.1695,draw,home_win,False,0.2168,0.1111,0.4049,False,0.698,False,2-1,1-1,False,1.0701271807987887,0.6629091852678568
22,Sunderland,Crystal Palace,2,1,1.077,1.3,0.2967,0.2964,0.4069,home_win,away_win,False,0.3301,0.2778,0.4946,True,0.4222,False,1-1,2-1,False,0.7728500728252552,0.1499209424107142
22,Chelsea,Brentford,2,0,1.856,1.75,0.4058,0.2316,0.3626,home_win,home_win,True,0.2423,0.2778,0.3531,False,0.6941,False,1-1,2-0,False,0.23601947066326479,0.27017870857780624
22,Leeds,Fulham,1,0,1.816,1.859,0.3766,0.2293,0.3942,home_win,away_win,False,0.272,0.2778,0.3886,False,0.706,False,1-1,1-0,False,0.35433697797193897,1.5991381065210455
22,Nottingham Forest,Arsenal,0,0,1.193,2.123,0.1994,0.2185,0.5821,draw,away_win,False,0.1893,0.1111,0.0398,False,0.6392,False,1-2,0-0,False,0.873166276891004,0.7374145804049745
22,Wolverhampton Wanderers,Newcastle United,0,0,1.125,2.131,0.1842,0.2163,0.5996,draw,away_win,False,0.1967,0.1111,0.0339,False,0.6271,False,1-2,0-0,False,0.7349500533816963,1.3210823542091834
22,Aston Villa,Everton,0,1,2.073,1.231,0.563,0.2234,0.2136,away_win,home_win,False,0.4677,0.2778,0.317,False,0.6369,False,1-1,0-1,False,1.163032594298469,0.4807676348852039
22,Brighton,Bournemouth,1,1,2.164,1.847,0.4534,0.2153,0.3313,draw,home_win,False,0.1577,0.1111,0.2056,False,0.7592,False,2-1,1-1,False,1.1636158583808522,0.14730682790178595
23,West Ham,Sunderland,3,1,1.267,1.102,0.3918,0.298,0.3101,home_win,home_win,True,0.233,0.2778,0.3699,True,0.4203,False,1-1,3-1,False,0.9228168247767856,0.39233011521045924
23,Burnley,Tottenham Hotspur,2,2,1.29,1.634,0.2933,0.259,0.4477,draw,away_win,False,0.1432,0.1111,0.086,True,0.556,True,1-1,2-2,False,0.25950722407525517,0.9556016522321431
23,Fulham,Brighton,2,1,1.787,1.798,0.3813,0.2328,0.3859,home_win,away_win,False,0.2658,0.2778,0.3828,True,0.6903,True,1-1,2-1,False,0.6568684731329717,0.1519162432079082
23,Manchester City,Wolverhampton Wanderers,2,0,2.784,0.847,0.7744,0.145,0.0806,home_win,home_win,True,0.0287,0.2778,0.0509,False,0.6963,False,2-0,2-0,True,1.7139173249244142,0.3066953864636479
23,Bournemouth,Liverpool,3,2,1.718,2.01,0.3288,0.2251,0.446,home_win,away_win,False,0.3247,0.2778,0.4504,True,0.7149,True,1-1,3-2,False,1.5924578168048469,1.0701598675701534
23,Newcastle United,Aston Villa,0,2,2.01,1.827,0.4248,0.2226,0.3526,away_win,home_win,False,0.2998,0.2778,0.1804,False,0.7328,False,1-1,0-2,False,0.059776755261479186,0.507349721396684
23,Crystal Palace,Chelsea,1,3,1.181,1.637,0.2654,0.2614,0.4732,away_win,away_win,True,0.174,0.2778,0.0705,True,0.5313,True,1-1,1-3,False,1.2392851046875,1.4526467219387755
23,Brentford,Nottingham Forest,0,2,2.174,1.308,0.5669,0.2162,0.2169,away_win,home_win,False,0.4673,0.2778,0.3214,False,0.6712,False,2-1,0-2,False,0.1739111587372446,0.08181331562500005
23,Arsenal,Manchester United,2,3,2.258,1.512,0.54,0.212,0.248,away_win,home_win,False,0.4286,0.2778,0.2916,True,0.7217,True,2-1,2-3,False,0.8375025937428249,0.8724491779336733
23,Everton,Leeds,1,1,1.731,1.455,0.4358,0.2475,0.3166,draw,home_win,False,0.1451,0.1111,0.1899,False,0.6131,False,1-1,1-1,True,0.8411586579823022,0.22474919346301037
24,Brighton,Everton,1,1,1.759,1.32,0.4716,0.2487,0.2797,draw,home_win,False,0.1503,0.1111,0.2224,False,0.5903,False,1-1,1-1,True,0.32919164894603825,0.03995649073660723
24,Leeds,Arsenal,0,4,1.534,2.201,0.2603,0.2158,0.5239,away_win,away_win,True,0.1472,0.2778,0.0677,True,0.716,True,1-2,0-4,False,1.3539761873549105,1.3388034566326534
24,Wolverhampton Wanderers,Bournemouth,0,2,1.228,1.864,0.242,0.2412,0.5169,away_win,away_win,True,0.146,0.2778,0.0585,False,0.593,False,1-1,0-2,False,0.8717049082198662,0.2738696172512751
24,Chelsea,West Ham,3,2,2.158,1.252,0.5763,0.2166,0.2071,home_win,home_win,True,0.1112,0.2778,0.1795,True,0.6576,True,2-1,3-2,False,0.5015617015975771,0.4783905328125
24,Liverpool,Newcastle United,4,1,2.058,1.781,0.4439,0.2215,0.3347,home_win,home_win,True,0.2106,0.2778,0.3093,True,0.733,True,1-1,4-1,False,1.0422354054873884,1.5011246086096939
24,Aston Villa,Brentford,0,1,2.071,1.578,0.4871,0.2239,0.289,away_win,home_win,False,0.3714,0.2778,0.2373,False,0.7014,False,1-1,0-1,False,0.07944854100605836,1.2682559111607143
24,Manchester United,Fulham,3,2,1.885,1.638,0.4343,0.2335,0.3322,home_win,home_win,True,0.2152,0.2778,0.3201,True,0.6791,True,1-1,3-2,False,0.04533255972576522,0.08233043048469413
24,Nottingham Forest,Crystal Palace,1,1,1.416,1.265,0.3971,0.2768,0.3262,draw,home_win,False,0.132,0.1111,0.1577,False,0.4984,True,1-1,1-1,True,0.42578256597576547,0.3853514151785715
24,Tottenham Hotspur,Manchester City,2,2,1.286,2.342,0.1921,0.2025,0.6054,draw,away_win,False,0.2017,0.1111,0.0369,True,0.6973,True,1-2,2-2,False,0.21385701983418381,0.3016347039221938
24,Sunderland,Burnley,3,0,1.359,1.232,0.3887,0.2828,0.3284,home_win,home_win,True,0.2407,0.2778,0.3736,True,0.4763,False,1-1,3-0,False,0.5313299484375,1.1020382031249998
25,Leeds,Nottingham Forest,3,1,1.731,1.606,0.4053,0.2426,0.3521,home_win,home_win,True,0.2389,0.2778,0.3537,True,0.6438,True,1-1,3-1,False,1.6486683181186226,0.05409094773596923
25,Manchester United,Tottenham Hotspur,2,0,1.988,1.489,0.4877,0.2301,0.2823,home_win,home_win,True,0.1711,0.2778,0.2625,False,0.6705,False,1-1,2-0,False,0.18212922499999995,0.8991586261001275
25,Fulham,Everton,1,2,1.705,1.36,0.4499,0.2519,0.2982,away_win,home_win,False,0.3475,0.2778,0.2024,True,0.5872,True,1-1,1-2,False,0.4947629839237888,0.5303430244579079
25,Wolverhampton Wanderers,Chelsea,1,3,0.941,1.918,0.1696,0.2325,0.5979,away_win,away_win,True,0.0952,0.2778,0.0288,True,0.5404,True,1-1,1-3,False,0.1693999984040181,1.8423376835937497
25,Burnley,West Ham,0,2,1.249,1.656,0.2794,0.2584,0.4622,away_win,away_win,True,0.1836,0.2778,0.078,False,0.5513,False,1-1,0-2,False,0.6013007404017858,0.5355101285076529
25,Bournemouth,Aston Villa,1,1,1.603,1.955,0.3127,0.2304,0.4569,draw,away_win,False,0.1533,0.1111,0.0978,False,0.6854,False,1-1,1-1,True,0.22722378989158187,1.3053754507334183
25,Arsenal,Sunderland,3,0,2.367,0.894,0.6989,0.1846,0.1165,home_win,home_win,True,0.0521,0.2778,0.0907,True,0.6276,True,2-0,3-0,False,1.1769832301482777,0.46396236774553573
25,Newcastle United,Brentford,2,3,1.966,1.709,0.438,0.2276,0.3344,away_win,home_win,False,0.3174,0.2778,0.1918,True,0.706,True,1-1,2-3,False,1.3540917065736606,0.05927126116071424
25,Brighton,Crystal Palace,0,1,1.91,1.266,0.5189,0.2373,0.2438,away_win,home_win,False,0.4205,0.2778,0.2693,False,0.6107,False,1-1,0-1,False,1.1695241888261554,0.33560801683673447
25,Liverpool,Manchester City,1,2,1.921,2.24,0.3343,0.2106,0.455,away_win,away_win,True,0.2044,0.2778,0.1118,True,0.7804,True,1-2,1-2,True,0.6511792952047104,0.170118498565051
26,Chelsea,Leeds,2,2,2.482,1.466,0.5936,0.1962,0.2102,draw,home_win,False,0.1983,0.1111,0.3524,True,0.7495,True,2-1,2-2,False,0.7276898459375003,0.17606073928571409
26,Everton,Bournemouth,1,2,1.717,1.6,0.4032,0.2436,0.3533,away_win,home_win,False,0.2904,0.2778,0.1625,True,0.6398,True,1-1,1-2,False,0.612780925266263,0.18985045832270386
26,Tottenham Hotspur,Newcastle United,1,2,1.452,1.947,0.2802,0.2332,0.4866,away_win,away_win,True,0.171,0.2778,0.0785,True,0.6557,True,1-1,1-2,False,0.23833695679209188,0.5226131750637757
26,West Ham,Manchester United,1,1,1.435,2.053,0.2606,0.2259,0.5135,draw,away_win,False,0.1658,0.1111,0.0679,False,0.6725,False,1-1,1-1,True,0.12497644808673458,1.3130631735012754
26,Aston Villa,Brighton,1,0,2.105,1.476,0.516,0.2222,0.2618,home_win,home_win,True,0.1514,0.2778,0.2343,False,0.6895,False,1-1,1-0,False,1.5253486820679205,0.9961703510044639
26,Manchester City,Fulham,3,0,2.61,1.419,0.6267,0.1862,0.1871,home_win,home_win,True,0.0872,0.2778,0.1394,True,0.7612,True,2-1,3-0,False,0.9300392874840557,0.36925339748086716
26,Nottingham Forest,Wolverhampton Wanderers,0,0,1.494,0.896,0.5049,0.2808,0.2142,draw,home_win,False,0.1504,0.1111,0.255,False,0.4256,True,1-0,0-0,False,2.19588076036352,0.48640683903061216
26,Crystal Palace,Burnley,2,3,1.405,1.077,0.4363,0.2862,0.2776,away_win,home_win,False,0.3561,0.2778,0.1903,True,0.4489,False,1-1,2-3,False,0.725340681999362,0.3866908228475765
26,Sunderland,Liverpool,0,1,1.135,1.844,0.2233,0.2429,0.5338,away_win,away_win,True,0.1336,0.2778,0.0499,False,0.5682,False,1-1,0-1,False,0.44546312206154326,1.235949137914541
26,Brentford,Arsenal,1,1,1.731,2.011,0.3317,0.2248,0.4435,draw,away_win,False,0.1534,0.1111,0.11,False,0.7174,False,1-1,1-1,True,0.07862932613281282,1.2310921989795915
27,Aston Villa,Leeds,1,1,2.282,1.523,0.5427,0.2105,0.2468,draw,home_win,False,0.1777,0.1111,0.2945,False,0.7272,False,2-1,1-1,False,1.0315061147297508,0.2425765643335458
27,Brentford,Brighton,0,2,2.044,1.504,0.4967,0.2263,0.2771,away_win,home_win,False,0.3847,0.2778,0.2467,False,0.6835,False,1-1,0-2,False,0.35350377724250626,0.1342534834821425
27,Chelsea,Burnley,1,1,2.448,1.082,0.6705,0.1868,0.1428,draw,home_win,False,0.235,0.1111,0.4495,False,0.6794,False,2-1,1-1,False,0.07239393987723242,0.07161315167410742
27,West Ham,Bournemouth,0,0,1.488,1.908,0.2947,0.2353,0.47,draw,away_win,False,0.1539,0.1111,0.0868,False,0.6551,False,1-1,0-0,False,0.8520025436543364,1.3877642940848214
27,Manchester City,Newcastle United,2,1,2.532,1.617,0.5719,0.1954,0.2326,home_win,home_win,True,0.1187,0.2778,0.1832,True,0.7783,True,2-1,2-1,True,0.3022722300302929,1.106735284502551
27,Crystal Palace,Wolverhampton Wanderers,1,0,1.402,0.957,0.4646,0.2905,0.2449,home_win,home_win,True,0.1733,0.2778,0.2867,False,0.4175,True,1-1,1-0,False,0.6375903621386056,0.7234209165975765
27,Nottingham Forest,Liverpool,0,1,1.135,1.831,0.2251,0.2441,0.5307,away_win,away_win,True,0.1355,0.2778,0.0507,False,0.5652,False,1-1,0-1,False,0.20543864177295912,0.5692528354910715
27,Sunderland,Fulham,1,3,1.126,1.553,0.2655,0.2704,0.4642,away_win,away_win,True,0.1788,0.2778,0.0705,True,0.4979,False,1-1,1-3,False,0.6338794151211737,0.6174440120216838
27,Tottenham Hotspur,Arsenal,1,4,1.186,2.169,0.1924,0.2144,0.5932,away_win,away_win,True,0.1012,0.2778,0.037,True,0.6469,True,1-2,1-4,False,0.8062453916454081,1.1513725406568875
27,Everton,Manchester United,0,1,1.473,1.758,0.3163,0.2453,0.4384,away_win,away_win,True,0.2077,0.2778,0.1,False,0.6225,False,1-1,0-1,False,0.9134153872161985,0.3081453649553574
28,Wolverhampton Wanderers,Aston Villa,2,0,0.984,1.799,0.1939,0.2461,0.56,home_win,away_win,False,0.4817,0.2778,0.6498,False,0.5228,False,1-1,2-0,False,0.5264299880038268,0.4890371801498723
28,Bournemouth,Sunderland,1,1,1.679,1.003,0.5259,0.2591,0.2149,draw,home_win,False,0.1614,0.1111,0.2766,False,0.4988,True,1-1,1-1,True,0.14091934308035747,0.07658461374362258
28,Newcastle United,Everton,2,3,1.947,1.226,0.5363,0.2341,0.2296,away_win,home_win,False,0.4405,0.2778,0.2876,True,0.6101,True,1-1,2-3,False,0.8265392007477677,1.1839418151785717
28,Burnley,Brentford,3,4,1.168,1.952,0.2158,0.2332,0.551,away_win,away_win,True,0.1241,0.2778,0.0466,True,0.599,True,1-1,3-4,False,0.34787220758928583,0.49750487291135226
28,Liverpool,West Ham,5,2,2.26,1.261,0.5949,0.2085,0.1966,home_win,home_win,True,0.1014,0.2778,0.1641,True,0.6782,True,2-1,5-2,False,0.15976938373405636,0.08942806444515328
28,Leeds,Manchester City,0,1,1.74,2.553,0.2532,0.1956,0.5512,away_win,away_win,True,0.1328,0.2778,0.0641,False,0.7973,False,1-2,0-1,False,0.35960569183354596,0.08303139553571404
28,Brighton,Nottingham Forest,2,1,1.7,1.072,0.5146,0.2567,0.2287,home_win,home_win,True,0.144,0.2778,0.2357,True,0.5204,True,1-1,2-1,False,0.5004970924884407,0.24187473214285704
28,Fulham,Tottenham Hotspur,2,1,2.069,1.458,0.512,0.2248,0.2632,home_win,home_win,True,0.1537,0.2778,0.2382,True,0.6796,True,1-1,2-1,False,0.251299793807398,0.5079138551339286
28,Manchester United,Crystal Palace,2,1,1.876,1.242,0.5166,0.2401,0.2434,home_win,home_win,True,0.1465,0.2778,0.2337,True,0.5985,True,1-1,2-1,False,0.4740788006696428,0.8619949774553571
28,Arsenal,Chelsea,2,1,2.252,1.51,0.5392,0.2124,0.2484,home_win,home_win,True,0.137,0.2778,0.2123,True,0.7204,True,2-1,2-1,True,0.5316619480324392,0.16048885137117308
29,Bournemouth,Brentford,0,0,1.642,1.811,0.3461,0.2373,0.4166,draw,away_win,False,0.1467,0.1111,0.1198,False,0.6661,False,1-1,0-0,False,0.6781261037946429,1.141028590098852
29,Everton,Burnley,2,0,1.614,1.213,0.4599,0.2628,0.2773,home_win,home_win,True,0.1843,0.2778,0.2917,False,0.5332,False,1-1,2-0,False,0.45354905924190336,0.45251297377232125
29,Leeds,Sunderland,0,1,1.832,1.055,0.5504,0.2435,0.2061,away_win,home_win,False,0.4666,0.2778,0.3029,False,0.5472,False,1-1,0-1,False,0.9424156309111925,0.21485163619260195
29,Wolverhampton Wanderers,Liverpool,2,1,1.117,2.065,0.1903,0.2221,0.5876,home_win,away_win,False,0.5004,0.2778,0.6556,True,0.6118,True,1-1,2-1,False,0.4767241089556761,0.10508768019770454
29,Manchester City,Nottingham Forest,2,2,2.506,0.941,0.7119,0.1745,0.1136,draw,home_win,False,0.2599,0.1111,0.5068,True,0.664,True,2-0,2-2,False,0.2236920155070159,0.2985427891262754
29,Fulham,West Ham,0,1,2.052,1.479,0.5038,0.2259,0.2703,away_win,home_win,False,0.3932,0.2778,0.2539,False,0.6804,False,1-1,0-1,False,1.421938930522959,0.02096935196109717
29,Aston Villa,Chelsea,1,4,1.796,1.631,0.4153,0.2384,0.3463,away_win,home_win,False,0.2999,0.2778,0.1725,True,0.6613,True,1-1,1-4,False,0.7264117445392213,1.7587882839923472
29,Brighton,Arsenal,0,1,1.468,2.166,0.2514,0.218,0.5305,away_win,away_win,True,0.1418,0.2778,0.0632,False,0.6988,False,1-2,0-1,False,0.5482443191406249,1.6564214201211735
29,Newcastle United,Manchester United,2,1,1.929,1.96,0.383,0.2216,0.3953,home_win,away_win,False,0.2685,0.2778,0.3806,True,0.7409,True,1-1,2-1,False,0.04134698387276803,0.14994038802614806
29,Tottenham Hotspur,Crystal Palace,1,3,1.339,1.365,0.3559,0.2762,0.3679,away_win,away_win,True,0.2631,0.2778,0.1267,True,0.5043,True,1-1,1-3,False,0.03944794279336716,0.5548185443239797
30,Burnley,Bournemouth,0,0,1.321,1.883,0.2603,0.2391,0.5006,draw,away_win,False,0.1592,0.1111,0.0678,False,0.6168,False,1-1,0-0,False,0.3591905534119897,0.4865245524234696
30,Sunderland,Brighton,0,1,1.065,1.463,0.2643,0.2808,0.4549,away_win,away_win,True,0.1835,0.2778,0.0699,False,0.4605,True,1-1,0-1,False,0.4046878550701528,0.3326306165178572
30,Arsenal,Everton,2,0,2.307,1.131,0.6333,0.2009,0.1659,home_win,home_win,True,0.081,0.2778,0.1345,False,0.6627,False,2-1,2-0,False,0.39705565334343107,0.048772729241071344
30,Chelsea,Newcastle United,0,1,1.941,1.584,0.4575,0.2316,0.3109,away_win,home_win,False,0.3421,0.2778,0.2093,False,0.6796,False,1-1,0-1,False,0.21134179416454102,0.5544801792410714
30,West Ham,Manchester City,1,1,1.173,2.271,0.178,0.2053,0.6167,draw,away_win,False,0.206,0.1111,0.0317,False,0.6639,False,1-2,1-1,False,0.6833146531409438,0.3209680151626271
30,Nottingham Forest,Fulham,0,0,1.149,1.528,0.2754,0.272,0.4526,draw,away_win,False,0.1403,0.1111,0.0758,False,0.4975,True,1-1,0-0,False,0.32876318075573974,0.5982987882493621
30,Crystal Palace,Leeds,0,0,1.49,1.504,0.3672,0.2597,0.3732,draw,away_win,False,0.137,0.1111,0.1348,False,0.5716,False,1-1,0-0,False,0.9601826383290815,0.3635827432397958
30,Manchester United,Aston Villa,3,1,1.993,1.555,0.4751,0.229,0.296,home_win,home_win,True,0.1816,0.2778,0.2756,True,0.6835,True,1-1,3-1,False,0.3128095968101958,0.3446592775510202
30,Liverpool,Tottenham Hotspur,1,1,2.548,1.282,0.6445,0.1865,0.169,draw,home_win,False,0.222,0.1111,0.4154,False,0.7308,False,2-1,1-1,False,1.2478908936065054,0.12225116406249992
30,Brentford,Wolverhampton Wanderers,2,2,2.004,1.017,0.5982,0.2256,0.1762,draw,home_win,False,0.1944,0.1111,0.3578,True,0.5773,True,1-1,2-2,False,0.7959377620679211,0.7828953140625001
31,Wolverhampton Wanderers,Arsenal,2,2,0.853,2.155,0.1271,0.2036,0.6693,draw,away_win,False,0.2321,0.1111,0.0162,True,0.5743,True,0-2,2-2,False,0.6832932597018493,0.1453526586415821
31,Bournemouth,Manchester United,2,2,1.776,2.02,0.3398,0.2233,0.4368,draw,away_win,False,0.1531,0.1111,0.1155,True,0.7262,True,1-1,2-2,False,0.006146365513392649,0.2704048506696428
31,Brighton,Liverpool,2,1,1.718,1.887,0.35,0.2312,0.4188,home_win,away_win,False,0.2989,0.2778,0.4225,True,0.6938,True,1-1,2-1,False,1.7119448331653233,0.9265967104272961
31,Fulham,Burnley,3,1,2.066,1.219,0.5642,0.2238,0.212,home_win,home_win,True,0.1174,0.2778,0.1899,True,0.6331,True,1-1,3-1,False,1.4138860468861605,0.7112436161830353
31,Everton,Chelsea,3,0,1.371,1.724,0.2977,0.2503,0.452,home_win,away_win,False,0.3487,0.2778,0.4932,True,0.5936,True,1-1,3-0,False,0.07919792053890329,0.37363939524872425
31,Leeds,Brentford,0,0,1.855,2.009,0.3587,0.2219,0.4194,draw,away_win,False,0.1523,0.1111,0.1287,False,0.7371,False,1-1,0-0,False,1.4351513591876595,1.7093244678252548
31,Newcastle United,Sunderland,1,2,2.082,0.944,0.6324,0.2153,0.1523,away_win,home_win,False,0.5593,0.2778,0.4,True,0.5782,True,2-0,1-2,False,0.8119534130963006,1.7261367735969388
31,Aston Villa,West Ham,2,0,2.131,1.261,0.5685,0.2189,0.2126,home_win,home_win,True,0.1157,0.2778,0.1862,False,0.6543,False,2-1,2-0,False,0.35853348580596345,0.5013179951211735
31,Tottenham Hotspur,Nottingham Forest,0,3,1.37,1.256,0.3868,0.2807,0.3326,away_win,home_win,False,0.2975,0.2778,0.1496,True,0.485,False,1-1,0-3,False,0.24977158794642884,0.2842821776147959
