gw,home_team,away_team,commence_time,captured_at,home_odds_median,draw_odds_median,away_odds_median,over25_odds_median,under25_odds_median,home_odds_best,draw_odds_best,away_odds_best,over25_odds_best,under25_odds_best
GW6,Arsenal,Leeds United,2026-10-10T11:30:00Z,2026-10-07T07:18:15.336464+00:00,1.36,4.8,8.0,1.78,2.02,1.41,5.4,9.2,1.86,2.14
GW6,Aston Villa,Brentford,2026-10-10T14:00:00Z,2026-10-07T07:18:15.336464+00:00,2.6,3.5,2.5,1.66,2.18,2.76,3.65,2.7,1.76,2.26
GW6,Chelsea,Bournemouth,2026-10-10T14:00:00Z,2026-10-07T07:18:15.336464+00:00,1.7,4.2,4.33,1.44,2.5,1.74,4.5,4.9,1.44,2.5
GW6,Sunderland,Brighton,2026-10-10T14:00:00Z,2026-10-07T07:18:15.336464+00:00,2.9,3.4,2.3,1.8,2.0,3.15,3.6,2.42,1.86,2.12
GW6,Ipswich,Fulham,2026-10-10T14:00:00Z,2026-10-07T07:18:15.336464+00:00,2.75,3.5,2.4,1.71,2.1,2.94,3.65,2.56,1.81,2.18
GW6,Manchester United,Tottenham Hotspur,2026-10-10T16:30:00Z,2026-10-07T07:18:15.336464+00:00,1.7,4.1,4.33,1.44,2.45,1.75,4.5,4.8,1.44,2.45
GW6,Crystal Palace,Nottingham Forest,2026-10-11T13:00:00Z,2026-10-07T07:18:15.336464+00:00,2.62,3.3,2.63,2.02,1.77,2.8,3.4,2.82,2.02,1.95
GW6,Hull City,Everton,2026-10-11T13:00:00Z,2026-10-07T07:18:15.336464+00:00,3.6,3.3,2.05,2.08,1.73,3.9,3.5,2.16,2.16,1.86
GW6,Liverpool,Manchester City,2026-10-11T15:30:00Z,2026-10-07T07:18:15.336464+00:00,2.55,3.65,2.5,1.6,2.3,2.7,3.85,2.66,1.61,2.3
GW6,Coventry City,Newcastle United,2026-10-12T19:00:00Z,2026-10-07T07:18:15.336464+00:00,3.25,3.575,2.1,1.68,2.14,3.55,3.75,2.18,1.7,2.28
GW6,Everton,Chelsea,2026-10-17T11:30:00Z,2026-10-07T07:18:15.336464+00:00,2.8,3.6,2.25,1.61,2.23,2.95,3.8,2.42,1.62,2.28
GW6,Brentford,Liverpool,2026-10-17T14:00:00Z,2026-10-07T07:18:15.336464+00:00,2.7,3.7,2.35,1.55,2.3,2.78,3.9,2.45,1.55,2.3
GW6,Fulham,Hull City,2026-10-17T14:00:00Z,2026-10-07T07:18:15.336464+00:00,1.67,3.9,4.75,1.665,2.14,1.74,4.1,5.0,1.67,2.2
GW6,Manchester City,Ipswich,2026-10-17T14:00:00Z,2026-10-07T07:18:15.336464+00:00,1.22,6.375,11.75,1.35,3.0,1.24,7.4,13.5,1.35,3.0
GW6,Newcastle United,Aston Villa,2026-10-17T16:30:00Z,2026-10-07T07:18:15.336464+00:00,2.08,3.75,3.15,1.585,2.265,2.15,3.95,3.35,1.61,2.28
GW6,Bournemouth,Sunderland,2026-10-18T13:00:00Z,2026-10-07T07:18:15.336464+00:00,1.98,3.55,3.6,1.775,1.96,2.04,3.7,3.8,1.8,1.97
GW6,Brighton,Crystal Palace,2026-10-18T13:00:00Z,2026-10-07T07:18:15.336464+00:00,1.6,4.2,4.8,1.545,2.365,1.67,4.35,5.5,1.55,2.43
GW6,Leeds United,Manchester United,2026-10-18T13:00:00Z,2026-10-07T07:18:15.336464+00:00,2.8,3.6,2.3,1.665,2.175,2.95,3.8,2.4,1.67,2.2
GW6,Nottingham Forest,Arsenal,2026-10-18T15:30:00Z,2026-10-07T07:18:15.336464+00:00,5.5,3.9,1.58,1.82,1.905,6.1,4.1,1.62,1.85,1.97
GW6,Tottenham Hotspur,Coventry City,2026-10-19T19:00:00Z,2026-10-07T07:18:15.336464+00:00,1.5,4.5,5.8,1.56,2.35,1.52,4.7,6.4,1.57,2.35
