home_team,away_team,home_win_prob,draw_prob,away_win_prob,over_2_5_prob,home_cs_prob,away_cs_prob,home_xg,away_xg
Brentford,Chelsea,0.45931416474451736,0.21949302512650312,0.32119281012897943,0.6956550277831408,0.19453782064349864,0.13854302748634073,1.98,1.64
Tottenham Hotspur,Aston Villa,0.3879805405013762,0.2592934249169743,0.35272603458164953,0.5217251954152553,0.2591664728108413,0.24013681325973096,1.43,1.35
Brighton,Arsenal,0.2305736858155626,0.25618020988628454,0.5132461042981528,0.47540819037295906,0.20312782468478344,0.3705969602130285,0.99,1.59
Everton,Ipswich Town,0.6650492582340736,0.19318002328101502,0.1417707184849116,0.6014809567211726,0.39488621307633187,0.1105626589277601,2.2,0.93
Newcastle United,Hull City,0.7665025455487472,0.14565556567705334,0.0878418887741995,0.6752605198335917,0.4356822585488182,0.06901723448581304,2.68,0.83
Nottingham Forest,Coventry City,0.7687777772855848,0.16616213809319438,0.06506008462122093,0.5033103781484616,0.6042814537883678,0.11101913354168227,2.2,0.5
Bournemouth,Liverpool,0.3432063338936224,0.23673234566209025,0.4200613204442874,0.6204640367830067,0.18277980447671738,0.21845241777941518,1.52,1.7
Leeds,Crystal Palace,0.5375327261754301,0.23432916579812105,0.22813810802644882,0.5578630769530862,0.3274780531019018,0.16265173358400445,1.82,1.12
Manchester City,Sunderland,0.7309722956506329,0.17928884429494157,0.08973886005442563,0.5296087155800293,0.5284100311305657,0.11375631080193062,2.18,0.64
Fulham,Manchester United,0.2946090567356902,0.24394990960331892,0.46144103366099093,0.5688074546057705,0.18677710974010073,0.27173065773885136,1.3,1.68
Arsenal,Leeds,0.5928731502055676,0.22960914843604047,0.17751770135839193,0.5144458454635896,0.40248386428276395,0.15935490729101004,1.84,0.91
Aston Villa,Brentford,0.3631092069769351,0.2424286399085182,0.3944621531145467,0.597290404205084,0.2037168882114195,0.2188118364620389,1.52,1.59
Chelsea,Bournemouth,0.4533888552783374,0.22451167378508652,0.3220994709365761,0.6716425723999049,0.20551607343191838,0.14971610512426295,1.9,1.58
Ipswich Town,Fulham,0.19946766015624007,0.22959797874693316,0.5709343610968267,0.5441485985491686,0.1562494973247817,0.36185924733736785,1.02,1.86
Sunderland,Brighton,0.3177379205049845,0.28533977145120903,0.39692230804380635,0.41849181669333674,0.2834357779249903,0.33240811413688304,1.1,1.26
Manchester United,Tottenham Hotspur,0.5065176697670415,0.2333865559161926,0.26009577431676595,0.5916214222587964,0.28394790482133436,0.16113696718898005,1.83,1.26
Crystal Palace,Nottingham Forest,0.3215391627983461,0.26448473630776775,0.41397610089388637,0.4948370698076824,0.23909367862398193,0.291016708916303,1.23,1.43
Hull City,Everton,0.16429980482770046,0.2126983294904457,0.6230018656818538,0.561122352163375,0.13436692609533005,0.3905992639990718,0.94,2.01
Liverpool,Manchester City,0.20301856435337104,0.21790540456124852,0.5790760310853805,0.5981571644649282,0.13539054660877886,0.3277414988023424,1.12,2.0
Coventry City,Newcastle United,0.05783928117488005,0.14431534593850112,0.7978453728866189,0.5635444507678101,0.08812331539098997,0.5880101646237208,0.53,2.43
Everton,Chelsea,0.35593858175707355,0.23821036339975069,0.40585105484317585,0.6161044099878995,0.19061931369439286,0.21392513631553198,1.54,1.66
Brentford,Liverpool,0.40524008772984504,0.23359499090437227,0.3611649213657827,0.6389092551068609,0.20108865554235886,0.18131426014101418,1.71,1.6
Fulham,Hull City,0.685379847777883,0.18711560850794484,0.12750454371417216,0.5959961159744479,0.41876164087171885,0.1069450874849072,2.24,0.87
Manchester City,Ipswich Town,0.9098893255864002,0.06554991219019875,0.0245607622234013,0.7868990708386198,0.562479472217823,0.02605293593197042,3.68,0.58
Newcastle United,Aston Villa,0.44341939121256874,0.24408908794241188,0.31249152084501947,0.5766931538718496,0.2565370246050498,0.19096276627964368,1.66,1.36
Bournemouth,Sunderland,0.4655164121889923,0.2654442834554098,0.26903930435559786,0.46917845034552436,0.3414982482763621,0.22603291078291682,1.49,1.07
Brighton,Crystal Palace,0.519039153346021,0.24288268449080416,0.23807816216317496,0.5325712983683022,0.33273069834602353,0.17861551925472918,1.72,1.1
Leeds,Manchester United,0.39677397117077134,0.24431377960666756,0.3589122492225612,0.5881256520176786,0.22510262803961856,0.20659920470678664,1.58,1.49
Nottingham Forest,Arsenal,0.17796687973558448,0.2496167956022158,0.5724163246621996,0.444069383873953,0.19248908323354147,0.44290565915901126,0.81,1.65
Tottenham Hotspur,Coventry City,0.7955411729794383,0.14615476841071454,0.05830405860984715,0.557610382639629,0.590355078269025,0.09011328923089891,2.41,0.53
Ipswich Town,Nottingham Forest,0.1571337778967735,0.2092250394360001,0.6336411826672262,0.5629271161698811,0.1307006701032714,0.3983335057386355,0.92,2.04
Aston Villa,Manchester City,0.15311742189388203,0.20008005738865553,0.6468025207174624,0.5943961472600313,0.1174247017321245,0.384379418002769,0.96,2.14
Arsenal,Everton,0.6500571414963348,0.21357734929191152,0.1363655092117539,0.5070773692262378,0.46023515749660493,0.1436582848906408,1.94,0.78
Coventry City,Fulham,0.08446006370032928,0.19011573360575573,0.7254242026939147,0.47514170286936813,0.13132546442026535,0.5733049519379361,0.56,2.03
Chelsea,Tottenham Hotspur,0.4671259225275799,0.2308768216301442,0.30199725584227577,0.6316044703890824,0.23604800723290498,0.16016558610785325,1.83,1.44
Crystal Palace,Newcastle United,0.31450124160916676,0.252254042777989,0.4332447156128442,0.5422809225040115,0.20954582385632153,0.2720989943248562,1.3,1.56
Hull City,Brentford,0.1099185167256331,0.16037022843880913,0.7297112548355578,0.6743003368179973,0.07653633672262838,0.39526394975145956,0.93,2.58
Liverpool,Brighton,0.46350053282140363,0.2445022052960929,0.29199726188250363,0.5650140362388784,0.27535369865755965,0.18745879542123184,1.67,1.29
Manchester United,Bournemouth,0.4949747129585282,0.22762475535560991,0.2774005316858617,0.6310382195498393,0.2516303115444342,0.1506559298941275,1.89,1.38
Sunderland,Leeds,0.30932619330067734,0.27848422798060213,0.4121895787187204,0.43978894668252516,0.2650709900187928,0.3271498243885694,1.12,1.33
Chelsea,Manchester United,0.389660928436002,0.22396376184400493,0.3863753097199931,0.6884075221016619,0.1682312409226136,0.16689103413129358,1.79,1.78
Bournemouth,Leeds,0.37851576820776095,0.25140120089729023,0.3700830308949488,0.5569103648525899,0.23347771302758472,0.22915491921637748,1.47,1.45
Brentford,Nottingham Forest,0.4765682887818536,0.24454609547750214,0.2788856157406443,0.5570981881342209,0.28832529096268633,0.18539139948136565,1.69,1.24
Coventry City,Sunderland,0.08773578793961649,0.214612468142342,0.6976517439180414,0.4059371757994817,0.16279761060198186,0.6070963545944967,0.5,1.82
Hull City,Ipswich Town,0.3664425005091538,0.24323151448531588,0.3903259850055303,0.5938555664970054,0.20711924249052188,0.21868025914396935,1.52,1.57
Manchester City,Brighton,0.6761857475928075,0.19577132159533958,0.1280429308118527,0.5601470162019402,0.4403390198520024,0.11965668270809689,2.12,0.82
Tottenham Hotspur,Crystal Palace,0.45441056542024216,0.2567652036431547,0.28882423093660314,0.5126635055678117,0.30404661559208535,0.2125964530543444,1.55,1.19
Aston Villa,Fulham,0.47441937179103827,0.24907973487386184,0.2765008933350998,0.5367272104016987,0.30048992056408047,0.19431841974771022,1.64,1.2
Liverpool,Arsenal,0.264662001856017,0.24692109485552263,0.48841690328846027,0.5376859280535944,0.18834299677489852,0.3087441103661546,1.18,1.67
Newcastle United,Everton,0.4594443959143926,0.25366352072525106,0.2868920833603564,0.52406789291707,0.2995764661447243,0.20569142224789994,1.58,1.21
Arsenal,Hull City,0.8889143901034002,0.08142699943333111,0.029658610463268804,0.7259192798875982,0.586346343944609,0.03802904227883572,3.29,0.54
Brighton,Brentford,0.39205504961275,0.25185399457505453,0.3560909558121954,0.5539491441951898,0.24225986064977714,0.22373290779803745,1.5,1.42
Crystal Palace,Liverpool,0.25513129218192926,0.2318778628707336,0.5129908449473369,0.5940750025192384,0.15799167961263597,0.28632515701791894,1.25,1.85
Everton,Coventry City,0.796814191636345,0.14563766626473468,0.057548142098920466,0.5567088465056962,0.5932443847564867,0.09002909206442421,2.41,0.52
Fulham,Newcastle United,0.3434335553466945,0.25725194227269366,0.3993145023806118,0.5289958557931685,0.23118232868841193,0.26105844401549805,1.34,1.46
Ipswich Town,Bournemouth,0.14950916179759752,0.19097719210845251,0.6595136460939499,0.6278759808929923,0.10442497106977361,0.36833269165625904,1.0,2.26
Leeds,Tottenham Hotspur,0.466936915354389,0.251018472906943,0.28204461173866824,0.5321175373165449,0.2988853781794063,0.19924816207631754,1.61,1.21
Manchester United,Aston Villa,0.5084242657306443,0.22793425042268153,0.2636414838466744,0.6189207763376471,0.26717108876446855,0.15053913809284286,1.89,1.32
Nottingham Forest,Manchester City,0.1324898179383424,0.2096597774804113,0.6578504045812461,0.5143233158603246,0.13896234828892678,0.4616307460964772,0.77,1.97
Sunderland,Chelsea,0.3193362230198202,0.24970057200209342,0.43096320497808627,0.5548758860438349,0.2052781622054354,0.2629628395920738,1.34,1.58
Aston Villa,Sunderland,0.4607542824758811,0.267106450372642,0.2721392671514766,0.4649092200511988,0.34134784227892045,0.2300245425577472,1.47,1.07
Bournemouth,Nottingham Forest,0.4141437391471284,0.2559173622435991,0.3299388986092723,0.5317173422710956,0.26773652801258147,0.22282185945434094,1.5,1.32
Brentford,Everton,0.508396979890421,0.24031735130881898,0.25128566880075986,0.5545979407593667,0.31014017167606195,0.17423913633385976,1.75,1.17
Chelsea,Leeds,0.4138768294560267,0.2341604045182929,0.35196276602568044,0.6346185168821518,0.20751550045447925,0.17950188567152714,1.72,1.57
Coventry City,Crystal Palace,0.08775707537204547,0.18620483667163518,0.7260380879563194,0.49783692795983625,0.12429891959095225,0.5522933012872301,0.59,2.09
Hull City,Brighton,0.128830187047266,0.18757709833375732,0.6835927146189766,0.5971010436852101,0.107085949858363,0.4160710221395004,0.88,2.24
Liverpool,Manchester United,0.4328895749406919,0.23238444432535416,0.3347259807339541,0.6386123438289363,0.21446543733730483,0.170253076179072,1.77,1.54
Manchester City,Fulham,0.7545830944407957,0.15943830309875737,0.08597860246044682,0.6020835173615892,0.48996275260627314,0.08875079835504272,2.43,0.71
Newcastle United,Arsenal,0.22020023784750906,0.2414896402734135,0.5383101218790775,0.5207446982590983,0.1759834607401146,0.3550251524613328,1.04,1.74
Tottenham Hotspur,Ipswich Town,0.6628121134394083,0.1936544657086895,0.14353342085190238,0.6031495766374273,0.39147246081944753,0.11065747406349637,2.2,0.94
Arsenal,Manchester City,0.3314550627982796,0.2727281409813922,0.39581679622032834,0.46559414734441407,0.26170868713483564,0.2992172199906161,1.21,1.34
Brighton,Newcastle United,0.4319507143415911,0.25440283453894563,0.3136464511194633,0.5329867278231283,0.2772069409141236,0.21404556284936008,1.54,1.28
Crystal Palace,Hull City,0.6582393890650525,0.19655470745475206,0.1452059034801955,0.593874187930023,0.3949673666733585,0.11454253028529957,2.17,0.93
Everton,Liverpool,0.3111191876749144,0.2470461433718071,0.44183466895327866,0.5632030428308495,0.19713028389503287,0.2639652476347364,1.33,1.62
Fulham,Bournemouth,0.34862315007067674,0.25393512310936067,0.39744172681996265,0.5439270117119964,0.22551389171587702,0.2510494850848617,1.38,1.49
Ipswich Town,Aston Villa,0.15967545678251646,0.19991399328874157,0.640410549928742,0.6077768639984663,0.11514216218219848,0.3681612344583034,1.0,2.16
Leeds,Coventry City,0.8543062355749237,0.10748395017587978,0.038209814249196575,0.6379772284018886,0.6103378949825234,0.0596743555168083,2.83,0.49
Manchester United,Brentford,0.44496960643195665,0.23248721652629123,0.32254317704175217,0.6337504468565254,0.2232853807768696,0.16753791906227566,1.79,1.5
Nottingham Forest,Chelsea,0.3342601411188533,0.24628715494537703,0.41945270393576956,0.5744153123835777,0.20217405098704247,0.24481890371631304,1.41,1.6
Sunderland,Tottenham Hotspur,0.35180097606961913,0.2829021663576163,0.3652968575727646,0.4309537682669411,0.29553528995034345,0.3037384995671571,1.19,1.22
Aston Villa,Everton,0.4404494693796628,0.2560399788269474,0.3035105517933897,0.5223181142770584,0.2890962064201721,0.21473131463045952,1.54,1.24
Bournemouth,Brighton,0.38817505803875035,0.25619196712867137,0.35563297483257833,0.5351197871951238,0.2512537048001337,0.23402161128722865,1.45,1.38
Brentford,Arsenal,0.25418925981467894,0.2457382768536261,0.5000724633316949,0.5346797804218459,0.1849778681571602,0.3184234302958308,1.14,1.69
Chelsea,Crystal Palace,0.5422900876622795,0.21563503032249365,0.24207488201522684,0.6554350788351672,0.2632902075262749,0.12724206642556865,2.06,1.33
Coventry City,Ipswich Town,0.18611784921132535,0.2504791895439138,0.5634029612447607,0.4507814804011973,0.1932775104957598,0.4295976226290201,0.84,1.64
Hull City,Nottingham Forest,0.14426928962741586,0.1989883061183321,0.656742404254252,0.5813847182829168,0.11862654288312717,0.40389905220902356,0.91,2.13
Liverpool,Sunderland,0.5406670595293603,0.24371045886113035,0.21562248160950948,0.5074270886188248,0.3667269197783788,0.18010781623727568,1.71,1.0
Manchester City,Leeds,0.6714588444969544,0.19482304302531597,0.13371811247772952,0.5767669870209732,0.42155817262795725,0.11604785487742372,2.16,0.86
Newcastle United,Manchester United,0.37076062249833397,0.24019778507151432,0.3890415924301516,0.6083461218703249,0.20143850519255352,0.21007870260522324,1.56,1.6
Tottenham Hotspur,Fulham,0.43619174171735575,0.2659492564705974,0.2978590018120471,0.4812687521488551,0.31377221147066336,0.2343345216251154,1.45,1.16
Aston Villa,Crystal Palace,0.4937262421951896,0.23969366294930766,0.2665800948555027,0.5693102909134407,0.29083735705585934,0.17410319715525946,1.75,1.24
Bournemouth,Hull City,0.755224520067334,0.1506575737522544,0.09411790618041166,0.6721560398538822,0.4252404626374722,0.07192860430151927,2.64,0.86
Brentford,Manchester City,0.19394316054741353,0.21538943610113973,0.5906674033514467,0.5964790762307415,0.13250361701986801,0.33748982398585164,1.09,2.02
Chelsea,Liverpool,0.37569547160206745,0.22253734625541596,0.40176718214251644,0.6950793346445298,0.15928410158685918,0.16977708080116283,1.77,1.84
Everton,Fulham,0.4387984132211077,0.266298592301507,0.2949029944773853,0.4787530221911622,0.3171559683443608,0.23420152824398272,1.45,1.15
Leeds,Ipswich Town,0.7420226979801565,0.1565549913307973,0.10142231068904603,0.6669069756018235,0.4151602654523838,0.07579726820273266,2.58,0.88
Manchester United,Coventry City,0.8850672530131716,0.08482773975209323,0.03010500723473492,0.7084654797664919,0.597969998124016,0.04145563985533191,3.2,0.52
Newcastle United,Sunderland,0.47904256228107034,0.2639005281589868,0.25705690955994276,0.4674698943832937,0.3520410034340038,0.22076369092031423,1.51,1.04
Nottingham Forest,Brighton,0.3320254607136335,0.2807292176661424,0.38724532162022407,0.43677112131267554,0.280014841073374,0.3133738782419697,1.16,1.27
Tottenham Hotspur,Arsenal,0.18731400324152359,0.24166083899365318,0.5710251577648231,0.48278313223870495,0.1782949878137139,0.4097722235833559,0.89,1.72
Arsenal,Bournemouth,0.6339145097244084,0.20948857330138662,0.15659691697420497,0.5608592435383893,0.4002494912238092,0.13127059693231083,2.03,0.92
Brighton,Everton,0.4656670452837592,0.26190375669009613,0.2724291980261445,0.48410561279428205,0.3309545447187269,0.2196245861202729,1.52,1.11
Coventry City,Aston Villa,0.06335872508368555,0.15216739011013167,0.784473884806183,0.5522827842196807,0.09410403810915854,0.5788211876887422,0.55,2.37
Crystal Palace,Manchester United,0.26647891633370024,0.2360967506867936,0.49742433297950617,0.5847938031269029,0.16690529077909175,0.2828775806470093,1.26,1.79
Fulham,Brentford,0.30529866476487105,0.24821353616488462,0.44648779907024433,0.5556905394423786,0.19823518251761668,0.2713296713054567,1.3,1.62
Hull City,Tottenham Hotspur,0.14976499546174998,0.19802095313636414,0.6522140514018858,0.596766234114953,0.1152822575306681,0.3872122233909788,0.95,2.16
Ipswich Town,Newcastle United,0.14782860012564175,0.1931794518069143,0.658991948067444,0.6143402736499732,0.10841479273167334,0.37888522350763504,0.97,2.22
Liverpool,Leeds,0.45426129280479743,0.2412638204534647,0.30447488674173795,0.5855934072968628,0.2571181638891401,0.18297438505063812,1.7,1.36
Manchester City,Chelsea,0.707725978137188,0.16591064037914918,0.1263633814836628,0.6931303134163612,0.35703001409266755,0.07639024326755815,2.58,1.03
Sunderland,Nottingham Forest,0.34002547927009746,0.28790980518561604,0.3720647155442865,0.41311444539410525,0.3003609088966148,0.3202673972443081,1.14,1.2
Arsenal,Manchester United,0.5804016284916164,0.22419846570754698,0.19539990580083677,0.5609380197974176,0.3564010379014075,0.14741418055150038,1.92,1.03
Bournemouth,Coventry City,0.8357132030511022,0.11769870306417259,0.046588093884725394,0.6341243336409814,0.5791622290344326,0.0641585635006476,2.75,0.55
Brentford,Newcastle United,0.4729307037372675,0.23587353874806027,0.2911957575146723,0.6025546574554366,0.25708547307153107,0.16915146178806498,1.78,1.36
Brighton,Ipswich Town,0.7236035655528561,0.16719255227113264,0.10920388217601126,0.6390139876929091,0.42035628531515196,0.086499510418264,2.45,0.87
Chelsea,Aston Villa,0.4678380450831834,0.22562585585834213,0.30653609905847445,0.6587980629964119,0.22012968837919722,0.14959886936485497,1.9,1.51
Leeds,Fulham,0.5173146707258869,0.24484516999342182,0.23784015928069127,0.5245412892282174,0.33728558942834436,0.18230967687528232,1.7,1.09
Liverpool,Tottenham Hotspur,0.5059089679485733,0.23458795409861685,0.2595030779528097,0.5858709118480783,0.2873924546062727,0.16347180771903047,1.81,1.25
Manchester City,Hull City,0.9285805988958324,0.05381517085320758,0.017604230250959918,0.7989459969361489,0.6032122193556909,0.022046287556879908,3.86,0.51
Nottingham Forest,Everton,0.38279347683516224,0.28420573032788315,0.3330007928369546,0.42487785640920767,0.31881254338072024,0.2882963420946184,1.24,1.14
Sunderland,Crystal Palace,0.4139000519256193,0.2767827975579277,0.3093171505164531,0.4457390730680192,0.3240702165097463,0.261410904629796,1.34,1.13
Aston Villa,Leeds,0.37403275564239813,0.2522730325230525,0.37369421183454943,0.5530876620178422,0.23333876294545164,0.2331642279708467,1.46,1.46
Everton,Sunderland,0.4259545043979644,0.28549931280025087,0.28854618280178473,0.40980939882169165,0.3582281170449989,0.27197274787416437,1.3,1.03
Fulham,Brighton,0.3257327312119645,0.2665007589833909,0.4077665098046447,0.48805477785761914,0.24523034025659743,0.2916977088608975,1.23,1.41
Ipswich Town,Brentford,0.12153739567528933,0.17103421027106033,0.7074283940536503,0.6551132838682304,0.08597430162909325,0.38966427862771214,0.94,2.46
Tottenham Hotspur,Bournemouth,0.37521072817941686,0.2561588003050641,0.368630471515519,0.5360350841985854,0.2437563065901901,0.24027784335779137,1.43,1.41
Hull City,Liverpool,0.09593927492298983,0.14576298157941833,0.7582977434975919,0.703525636020463,0.06428175178588429,0.39928427515264897,0.92,2.75
Newcastle United,Manchester City,0.16512286772599408,0.20693512245013906,0.6279420098238668,0.5869648958799251,0.1248396983191376,0.3742193603757006,0.98,2.08
Coventry City,Chelsea,0.045187540595800664,0.10821177617087434,0.8466006832333249,0.6761897768666139,0.05383752512004562,0.5541544792345607,0.59,2.93
Manchester United,Nottingham Forest,0.4911894103597947,0.23990322541131928,0.26890736422888606,0.5701160168909423,0.28873228553854924,0.174743050082649,1.74,1.24
Crystal Palace,Arsenal,0.14959445448964265,0.2160200303443227,0.6343855151660347,0.5221107070645776,0.14354558298887055,0.4325862535604107,0.84,1.94
Hull City,Leeds,0.12083705546866749,0.1771441611851362,0.702018783346196,0.624434249830692,0.0951616974491377,0.41085139696193684,0.89,2.36
Tottenham Hotspur,Brighton,0.3506225191993976,0.2697103216380336,0.3796671591625688,0.47958865340250395,0.2639120485399681,0.2805125995598444,1.27,1.33
Everton,Manchester City,0.1407753533482261,0.2051033406353763,0.6541213060163975,0.5487462464673084,0.12924083384782056,0.42864867764411624,0.85,2.05
Coventry City,Brentford,0.04532997189779201,0.1202546205660044,0.8344154075362034,0.6146825110883037,0.06844386188492514,0.5971994422521629,0.52,2.69
Crystal Palace,Bournemouth,0.3191959151521846,0.2491785672865375,0.431625517561278,0.5570740952787093,0.2040689450499886,0.26198206195757845,1.34,1.59
Fulham,Arsenal,0.16915078027828587,0.23042336904329533,0.6004258506784189,0.49928443768008735,0.16215070352185276,0.42118458405122283,0.86,1.82
Manchester United,Sunderland,0.5415796764070525,0.24236370169251858,0.21605662190042887,0.5130362049355741,0.3631859945235079,0.17767093167038644,1.73,1.01
Newcastle United,Nottingham Forest,0.4283355051373598,0.25567573753577116,0.31598875732686893,0.5285449519464982,0.2779070649174512,0.21757787007001528,1.53,1.28
Aston Villa,Liverpool,0.33884248279473905,0.23724984848620467,0.4239076687190563,0.6168995503171257,0.18265281099029454,0.22239935734978494,1.5,1.7
Ipswich Town,Chelsea,0.1259002633859025,0.1605151889052821,0.7135845477088154,0.7191166763115985,0.06895128779902265,0.339782184807059,1.08,2.68
Leeds,Everton,0.48313810840998483,0.25402767509792573,0.2628342164920894,0.5081154694297413,0.3257011034995445,0.20224187560419707,1.6,1.12
Brighton,Manchester United,0.3810113116148117,0.24949721649439832,0.36949147189079007,0.565404134041524,0.22994067779205912,0.22411067299056028,1.5,1.47
Arsenal,Ipswich Town,0.8638110723261816,0.09601103476788715,0.04017789290593137,0.7143640713543987,0.5448079787513185,0.04399613072830417,3.14,0.61
Brentford,Crystal Palace,0.5643404634565532,0.2199311489472552,0.21572838759619162,0.6056701632267647,0.31191407796059645,0.137339314206075,1.99,1.17
Liverpool,Coventry City,0.8838206424022311,0.08589181245533692,0.030287545142432,0.7034612444783881,0.6009061933106672,0.042486447377755435,3.17,0.51
Nottingham Forest,Fulham,0.4135306435113259,0.27926830779589146,0.30720104869278236,0.43647684745884807,0.330366367386437,0.2659154290084715,1.32,1.11
Sunderland,Hull City,0.6611762175464263,0.20714902510162247,0.13167475735195117,0.5223044148336384,0.45801681723755316,0.13544267112543726,2.0,0.78
Bournemouth,Aston Villa,0.42861224094501593,0.2445954136074935,0.3267923454474907,0.5797394400832009,0.246574090914485,0.19596241572745596,1.63,1.4
Chelsea,Newcastle United,0.44672785431233714,0.2279363204017726,0.32533582528589017,0.6564891734008075,0.2110043679727392,0.15796384840446617,1.85,1.56
Manchester City,Tottenham Hotspur,0.7148929667754259,0.17681013897178233,0.1082968942527918,0.592296450143642,0.4525296178839706,0.10064423718386832,2.3,0.79
Arsenal,Brentford,0.5898212406225728,0.22324719550305816,0.18693156387436904,0.5530781856648,0.36970577801571025,0.1470976856099394,1.92,1.0
Brighton,Bournemouth,0.43848016698836506,0.25047833560266836,0.31104149740896664,0.5484631518736452,0.27124262764006113,0.2046565166481152,1.59,1.3
Everton,Aston Villa,0.39074117807534375,0.25988361061800896,0.3493752113066473,0.5188847991026591,0.2624245819531284,0.24000267650896928,1.43,1.34
Nottingham Forest,Hull City,0.6807236389014104,0.19592214519775203,0.12335421590083748,0.5489334036905902,0.454605155405273,0.12173699317235692,2.11,0.79
Sunderland,Liverpool,0.27882465881062085,0.25750425075962724,0.46367109042975196,0.50446434967242,0.21197524003413157,0.31548832299422774,1.15,1.55
Crystal Palace,Chelsea,0.2944225913252433,0.22754026364662455,0.47803714502813227,0.6428248176970718,0.15208004165635045,0.23503470508771124,1.45,1.88
Fulham,Tottenham Hotspur,0.36169363507596664,0.2644008652428747,0.37390549968115877,0.501319866677446,0.25692789011768047,0.26370570901410095,1.33,1.36
Ipswich Town,Coventry City,0.5744047176333699,0.24516729648982066,0.1804279858768095,0.46198071308286026,0.42960147562613477,0.18487657559984075,1.69,0.84
Leeds,Manchester City,0.18411030700390857,0.22122448772514147,0.5946652052709498,0.5573117897686537,0.1441646145335077,0.3702804496747512,0.99,1.94
Manchester United,Newcastle United,0.4878005716564781,0.23155224984754413,0.280647178495978,0.6153457142870581,0.25748253649993497,0.1589278804764056,1.84,1.36
Aston Villa,Manchester United,0.3516219105515941,0.23948829795280982,0.4088897914955962,0.609364780401103,0.19213344364062926,0.21918780580738612,1.52,1.65
Bournemouth,Ipswich Town,0.7107269793151123,0.16762367269199743,0.12164934799289036,0.6719862568570106,0.3782329008222561,0.08101665983080657,2.52,0.97
Brentford,Brighton,0.44961917565732645,0.24737526889809347,0.3030055554445802,0.5582374676307706,0.27153972211230004,0.1958770217568833,1.63,1.3
Chelsea,Sunderland,0.5072425923976583,0.24156595276439294,0.25119145483794875,0.5493333678062381,0.3130109320518712,0.17665480405397413,1.73,1.16
Coventry City,Everton,0.07406218388117701,0.17965655203743316,0.7462812640813898,0.48277561101313937,0.12305780958189838,0.5931267837752211,0.52,2.1
Hull City,Arsenal,0.049235483382505184,0.11286193844006127,0.8379025781774336,0.6740574315231473,0.05583501257524059,0.5407680947040017,0.62,2.9
Liverpool,Crystal Palace,0.578823190552351,0.21518251379595135,0.20599429565169763,0.6142471845405144,0.31583199715377885,0.13019906081049154,2.04,1.15
Manchester City,Nottingham Forest,0.6990581492274023,0.18634631914625413,0.11459553162634353,0.5676725588172504,0.4572967097274252,0.11140903411779841,2.2,0.78
Newcastle United,Fulham,0.49372177725444844,0.24577507313165278,0.26050314961389875,0.5393487385179432,0.3110394073582487,0.1856216193073583,1.68,1.17
Tottenham Hotspur,Leeds,0.3414862568221495,0.2638872642674483,0.39462647891040226,0.5014560723571355,0.24588001963387782,0.2753986287468774,1.29,1.4
Arsenal,Newcastle United,0.6255764512865661,0.21483741313382432,0.15958613557960968,0.5442749612340173,0.40640078291617965,0.1390112078159686,1.97,0.9
Brighton,Manchester City,0.17605333632947923,0.22273802143632218,0.6012086422341985,0.5391566235855321,0.14819658545378595,0.3897669477081215,0.94,1.91
Crystal Palace,Tottenham Hotspur,0.33295139757700204,0.2605317392612394,0.4065168631617586,0.5134037522560243,0.23453245647733698,0.2747715799465976,1.29,1.45
Everton,Brentford,0.33378908931120477,0.25355444377816516,0.4126564669106302,0.5426489907316521,0.2187946595187504,0.2601883821381054,1.35,1.52
Fulham,Aston Villa,0.3614593858581837,0.2577470661343681,0.380793548007448,0.5289547581747223,0.24057990286950431,0.2509061402299421,1.38,1.42
Ipswich Town,Hull City,0.4423322635042295,0.24780743129882196,0.30986030519694857,0.5593947726112447,0.26661728917461514,0.19848126654758785,1.62,1.32
Leeds,Chelsea,0.4355995421313073,0.22963169222321167,0.3347687656454811,0.6517766398401433,0.20830865911579538,0.16395570880021434,1.81,1.57
Manchester United,Liverpool,0.41947954513634406,0.2307851452105525,0.3497353096531035,0.6503699657490862,0.2014539688001404,0.17076746124937442,1.77,1.6
Nottingham Forest,Bournemouth,0.35545487257413355,0.26683274809795937,0.37771237932790713,0.4912372735738656,0.2595415396755837,0.2720659651045402,1.3,1.35
Sunderland,Coventry City,0.7508611592833533,0.1787814221844548,0.07035741853219153,0.4749194089177955,0.6071589257860888,0.12408582520719508,2.09,0.5
Aston Villa,Ipswich Town,0.7057178205606888,0.170112283357564,0.12416989608174725,0.666591510892378,0.3780729442459604,0.08343020490160412,2.49,0.97
Bournemouth,Fulham,0.4793681989174551,0.24748347241268917,0.27314832866985594,0.5411526293092871,0.3006384376112122,0.19056486612676551,1.66,1.2
Brentford,Manchester United,0.4186815386576079,0.2343499853379144,0.34696847600447756,0.6326352252010978,0.21092541662057548,0.1783459231761574,1.72,1.56
Chelsea,Nottingham Forest,0.4522804015205091,0.2363711417531754,0.31134845672631567,0.6109053106217238,0.2406139844865843,0.17373582952407676,1.75,1.42
Coventry City,Leeds,0.05148087732250991,0.1385628328518109,0.8099562898256792,0.5609888866541859,0.0858788597580239,0.6101046866154884,0.49,2.46
Hull City,Crystal Palace,0.19302778880057636,0.21714467575826718,0.5898275354411564,0.5875246090348188,0.1356661900708225,0.3435566609314935,1.07,2.0
Liverpool,Everton,0.5225245949440089,0.23630685627094172,0.24116854878504912,0.5624304393136054,0.3140514188654411,0.16622962386164405,1.79,1.16
Manchester City,Arsenal,0.46952779082956747,0.26538268175876933,0.26508952741166325,0.467114429874015,0.3457266894209333,0.22511800976178797,1.49,1.06
Newcastle United,Brighton,0.4022637456199701,0.2565931414007715,0.3411431129792584,0.531358120740493,0.26126626069356473,0.22869106467528047,1.48,1.34
Tottenham Hotspur,Sunderland,0.42355286764318795,0.28507169261661514,0.29137543974019703,0.4121642496854023,0.3548093131643548,0.27211126808881186,1.3,1.04
Arsenal,Liverpool,0.5686219863156133,0.22646284233396707,0.2049151713504196,0.5639739024354906,0.3452830119291998,0.15013742944596897,1.9,1.06
Brighton,Hull City,0.7653234618462229,0.15010591560492553,0.0845706225488518,0.6411532595967311,0.4666254336820743,0.07702520905434967,2.57,0.76
Crystal Palace,Coventry City,0.7570627848053283,0.16651010305650327,0.07642711213816851,0.5397179416131516,0.5523478787621152,0.10418601368967176,2.26,0.59
Everton,Newcastle United,0.3723485269443596,0.2603821707568528,0.3672693022987877,0.518047737657194,0.2527856741996156,0.2500311192202423,1.39,1.38
Fulham,Manchester City,0.1231641541833693,0.19011517496331345,0.6867206708533172,0.572662954571517,0.11320785588986038,0.440138311880149,0.82,2.18
Ipswich Town,Tottenham Hotspur,0.16309964007559144,0.20804874076778848,0.6288516191566201,0.5785923329171044,0.12717834406393785,0.38162984031422625,0.96,2.06
Leeds,Bournemouth,0.45561804849259724,0.24385143080614216,0.3005305207012608,0.5722798455944732,0.2661708268788865,0.18773996708440216,1.67,1.32
Manchester United,Chelsea,0.47468928097410495,0.21590478446950817,0.3094059345563869,0.7073469287503535,0.19490135937802722,0.12927216887927315,2.05,1.64
Nottingham Forest,Brentford,0.31351421339789753,0.2620814977439855,0.42440428885811676,0.5018734916617885,0.23093033540915545,0.29271805460683736,1.23,1.47
Sunderland,Aston Villa,0.3520648616500503,0.2756153023517787,0.37231983599817103,0.4572803826429853,0.2786076635108099,0.29052167012483326,1.24,1.28
Aston Villa,Bournemouth,0.41033183312573623,0.2435718448967587,0.34609632197750506,0.5894437847402201,0.23125103895305643,0.1998895219119476,1.61,1.46
Coventry City,Liverpool,0.0385258442238849,0.10558463519734519,0.85588952057877,0.6498667935763339,0.057074341557377985,0.6006376409555438,0.51,2.87
Crystal Palace,Brentford,0.27702674949366773,0.2409881465793832,0.48198510392694915,0.571083600863685,0.17784794526465186,0.28247162032717854,1.26,1.73
Everton,Leeds,0.34416591185093187,0.2647433073901132,0.39109078075895504,0.4984243636618124,0.24909205086767494,0.27525944592039503,1.29,1.39
Fulham,Nottingham Forest,0.3495382768737378,0.26896720559774473,0.38149451752851743,0.48238090541927353,0.2616080874385963,0.2798068540653837,1.27,1.34
Hull City,Sunderland,0.18686612418114654,0.2401048482686863,0.573029027550167,0.48784597509512223,0.17570573472135606,0.40735015014516013,0.9,1.74
Ipswich Town,Arsenal,0.05564962059736606,0.12354477282654498,0.8208056065760887,0.651430743951652,0.06357580191742768,0.5356260292743189,0.63,2.76
Manchester United,Brighton,0.4639622621044812,0.24326219744405345,0.2927755404514653,0.5707948543192347,0.27194074509085714,0.18498096092257788,1.69,1.3
Newcastle United,Chelsea,0.4079050581673096,0.22724760590983853,0.3648473359228517,0.670412741822477,0.1853408048322446,0.1671233715579159,1.79,1.69
Tottenham Hotspur,Manchester City,0.13882850433903865,0.20309033374606075,0.6580811619149006,0.5530287282633606,0.12680209853792945,0.42879445037520814,0.85,2.07
Arsenal,Fulham,0.6820521087541952,0.19827023435181718,0.11967765689398771,0.5311853337866331,0.4715189113651466,0.12668686252570943,2.07,0.75
Bournemouth,Crystal Palace,0.4988010878562731,0.23803677522172884,0.2631621369219982,0.573834954953743,0.29098540342746154,0.170518522230783,1.77,1.23
Brentford,Coventry City,0.8757420981833836,0.09139337820048783,0.0328645236161286,0.6903779599114584,0.5975178004133083,0.046081144421358605,3.09,0.52
Brighton,Tottenham Hotspur,0.44970734938624285,0.25828368949243474,0.29200896112132246,0.5082200916741569,0.30407849395706776,0.21653936299861654,1.53,1.19
Chelsea,Ipswich Town,0.7566310091408971,0.14063704697708668,0.10273194388201617,0.7537158726245888,0.349701407915631,0.05368466210828299,2.94,1.05
Leeds,Aston Villa,0.4685825070164385,0.24504887923605875,0.2863686137475028,0.5595006525967589,0.2819214243363324,0.18761128980866607,1.67,1.27
Liverpool,Hull City,0.819009397668615,0.11681322157899227,0.06417738075239274,0.7303054932358451,0.45029401612910924,0.04839870318368732,3.04,0.8
Manchester City,Newcastle United,0.7033557472999539,0.17878520942036655,0.11785904327967964,0.6091500074463664,0.4254744792359418,0.09891772958978157,2.32,0.85
Nottingham Forest,Manchester United,0.3033225450899967,0.2579501690693213,0.4387272858406821,0.5145398865874992,0.2188026546727635,0.2931243283938636,1.23,1.52
Sunderland,Everton,0.36702551140508904,0.29020653597266105,0.34276795262224996,0.4057041696853516,0.322308273341902,0.3071051032727631,1.18,1.13
Aston Villa,Chelsea,0.38730640590635546,0.22750457354007775,0.3851890205535669,0.6706220337782399,0.17634673846464968,0.17545198929515385,1.74,1.74
Coventry City,Bournemouth,0.05814811170358979,0.14173096141790859,0.8001209268785014,0.5760967573503165,0.08459295853333211,0.5789996949078738,0.55,2.47
Crystal Palace,Sunderland,0.37165969793666154,0.2843504639111686,0.3439898381521698,0.42549437426738196,0.31139395041600826,0.29445914757801184,1.22,1.17
Everton,Nottingham Forest,0.3774648573491014,0.27162605768890186,0.35090908496199674,0.47223708961288297,0.28390930795667985,0.2685853392702648,1.31,1.26
Fulham,Leeds,0.31638166596620293,0.2601330612448364,0.42348527278896086,0.5105464744286256,0.22758765984121604,0.28654233957063485,1.25,1.48
Hull City,Manchester City,0.02941064664679352,0.07586723367520082,0.8947221196780057,0.7598712806428187,0.031970337015480084,0.5584572900160036,0.58,3.47
Ipswich Town,Brighton,0.14095697860958178,0.19817935302598677,0.6608636683644314,0.5779844229149238,0.11852509124021401,0.41051864611767785,0.89,2.13
Manchester United,Arsenal,0.26436368399923144,0.24542571632844534,0.49021059967232317,0.5436067672853546,0.18532881667915646,0.30587147037972046,1.18,1.69
Newcastle United,Brentford,0.38228613720377563,0.24272923057093987,0.37498463222528433,0.5966186782017149,0.21322651069280038,0.2097087053839207,1.56,1.55
Tottenham Hotspur,Liverpool,0.3083092513811455,0.24601190135624199,0.4456788472626126,0.5664970600822407,0.1941653739519841,0.2641034572960887,1.33,1.64
Arsenal,Crystal Palace,0.7033427036939747,0.18475803265654828,0.11189926364947703,0.5675207022604991,0.4620132279152521,0.11034145395584342,2.21,0.77
Bournemouth,Tottenham Hotspur,0.42797749740683516,0.250533140237343,0.3214893623558218,0.5520337608212167,0.2630300193153196,0.20779281025008225,1.57,1.34
Brentford,Ipswich Town,0.7687914748104364,0.1401455140074174,0.09106301118214626,0.7157191939273919,0.3996207831970945,0.05974998602989305,2.83,0.92
Brighton,Fulham,0.4992123204448454,0.25330739994124485,0.24748027961390978,0.4997635320405405,0.34255348708475314,0.19903641158062305,1.61,1.07
Chelsea,Coventry City,0.8732289738910427,0.09031254394950156,0.03645848215945557,0.7228931253637402,0.5543916137124577,0.04102908044635814,3.21,0.59
Leeds,Hull City,0.782760065638633,0.1393194719613268,0.07792046240004027,0.6697201564252268,0.4615654376332032,0.06709271297660534,2.71,0.77
Liverpool,Aston Villa,0.5078579095787403,0.2290921366379285,0.26304995378333107,0.6131905924218521,0.2705695271287979,0.15280145350457755,1.88,1.31
Manchester City,Everton,0.7246942244234419,0.17533471068881049,0.09997106488774755,0.5753010365685753,0.47879814573037427,0.10279390373351897,2.28,0.74
Nottingham Forest,Newcastle United,0.35010124421804234,0.27047185735045365,0.3794268984315041,0.4766026460345087,0.2654444023691906,0.28227151424754265,1.26,1.33
Sunderland,Manchester United,0.28971943926039273,0.2611547130169873,0.44912584772262,0.49595798864859764,0.22199609974516563,0.31198494099611573,1.16,1.51
Aston Villa,Hull City,0.7505226532707611,0.15322724779133118,0.09625009893790787,0.6665132406482557,0.4250786514638286,0.07417007468282387,2.61,0.86
Bournemouth,Newcastle United,0.40893597001726173,0.24603536890595523,0.34502866107678315,0.578073678727066,0.2371036976236883,0.2053367972866499,1.58,1.44
Chelsea,Arsenal,0.22816006260645524,0.22462917881223438,0.5472107585813104,0.5994637762555537,0.14477027267719078,0.30468995290754347,1.19,1.93
Coventry City,Manchester City,0.010811703563586192,0.04964394716535948,0.9395443492710542,0.7420287972810234,0.027623947614242667,0.7242433005129532,0.32,3.62
Crystal Palace,Fulham,0.38078168727562905,0.26571981014674023,0.3534985025776307,0.49553234876336794,0.2711505005597375,0.2558850660896735,1.36,1.31
Leeds,Brighton,0.42649036805114776,0.2593412190623923,0.31416841288645986,0.512997904122984,0.2867546898768512,0.22510913469889351,1.49,1.25
Liverpool,Ipswich Town,0.7809170734916026,0.13397899969481147,0.08510392681358606,0.7263189546384176,0.40360351426358543,0.05544061262028031,2.9,0.91
Manchester United,Everton,0.5232496938643294,0.23506502253773182,0.2416852835979388,0.5681583131595465,0.310553377948404,0.16387693972556389,1.81,1.17
Tottenham Hotspur,Nottingham Forest,0.37484401544906154,0.2709537891512707,0.35420219539966774,0.47503640778274714,0.2805902669714783,0.26872358131132273,1.31,1.27
Sunderland,Brentford,0.299607740007344,0.26562916054136065,0.4347630994512953,0.48316829011842405,0.2341806622648017,0.3115744607235182,1.17,1.45
Arsenal,Sunderland,0.6586058910589841,0.2192323236079501,0.12216178533306574,0.4600984708974307,0.5106246593667546,0.15666124378077156,1.85,0.67
Brentford,Bournemouth,0.4799383447459014,0.23199516682631213,0.2880664884277865,0.6182326101647395,0.2512351226041295,0.160635374827487,1.83,1.38
Brighton,Coventry City,0.8396164880004579,0.1182342519882196,0.042149260011322666,0.6072736720978209,0.6145581601948206,0.0688993253658423,2.68,0.49
Everton,Tottenham Hotspur,0.39030784447466266,0.2664455736566546,0.34324658186868273,0.49154446619850756,0.27913715788571536,0.2526491334643568,1.38,1.28
Fulham,Liverpool,0.2829393083309573,0.24039414928789252,0.4766665423811501,0.577475077746938,0.1774081757225747,0.27514690131807246,1.29,1.73
Hull City,Chelsea,0.11342112152028495,0.150217645613373,0.7363612328663418,0.7367344797579458,0.060774612140273625,0.34539038542983935,1.06,2.81
Ipswich Town,Crystal Palace,0.20835557990860135,0.22579492874611184,0.565849491345287,0.5711048641882177,0.14857824594100852,0.3379923485718723,1.08,1.91
Manchester City,Manchester United,0.6613577587832777,0.1914379702916581,0.1472042709250641,0.6209120607377652,0.3756113648977355,0.10594286829095519,2.25,0.98
Newcastle United,Leeds,0.3927818464145346,0.25207941944291945,0.35513873414254576,0.5528527055281162,0.243285164709855,0.22386056574264,1.5,1.41
Nottingham Forest,Aston Villa,0.36758909049846417,0.2705416510737369,0.36186925842779893,0.4769176203566451,0.27520004103183554,0.2719203616359356,1.3,1.29
Aston Villa,Brighton,0.3836735833782995,0.25717291437568446,0.3591535022460161,0.5312428177141644,0.2511117090611924,0.23805731712006792,1.44,1.38
Bournemouth,Manchester City,0.15549141502493796,0.20061546644384606,0.643893118531216,0.5966652036454735,0.11752694530773658,0.38002287584181743,0.97,2.14
Chelsea,Fulham,0.5218051556691494,0.2250902826538716,0.2531045616769789,0.622656496126926,0.27273722956511925,0.14481222304190347,1.93,1.3
Coventry City,Arsenal,0.01937560332418672,0.08033239674912251,0.9002919999266907,0.6450776210368373,0.04929340505714449,0.7110022106428325,0.34,3.02
Crystal Palace,Everton,0.3499811539108014,0.2681984852767136,0.3818203608124851,0.4854231044987457,0.26001377190458497,0.27807291276554813,1.28,1.35
Leeds,Nottingham Forest,0.45240581556249704,0.2572988678660439,0.2902953165714592,0.5112804966123944,0.3037175824278088,0.21405666846373214,1.54,1.19
Liverpool,Newcastle United,0.48731644150752035,0.2327176081140939,0.27996595037838573,0.6095939647634485,0.26084997108003044,0.16124803839295904,1.83,1.34
Manchester United,Hull City,0.8202660563242749,0.11576340830559528,0.06397053537012988,0.7352643333263449,0.44684303404239284,0.04726832277718202,3.07,0.81
Tottenham Hotspur,Brentford,0.33099641941934005,0.252648129240053,0.4163554513406069,0.5458087193828878,0.21571276706012651,0.2603258620784414,1.35,1.53
Sunderland,Ipswich Town,0.6146314636766315,0.22130068812572595,0.1640678481976425,0.526123786394874,0.4116018554499247,0.14834447323308764,1.91,0.89
Arsenal,Aston Villa,0.6439285045073365,0.2078636742190201,0.1482078212736435,0.5519757710908874,0.4164952266327769,0.13116215718467664,2.03,0.88
Brentford,Leeds,0.44028856322576376,0.24386724439824067,0.3158441923759956,0.5790371762808604,0.2533692510299159,0.19131209092536136,1.65,1.37
Brighton,Chelsea,0.41855965817524665,0.23512630203712548,0.346314039787628,0.6287944331365257,0.213017993848066,0.17997378987709325,1.72,1.55
Everton,Bournemouth,0.378012339638083,0.25681581788098307,0.36517184248093393,0.5331083096797621,0.24696039661194155,0.24014361643119758,1.43,1.4
Fulham,Sunderland,0.39896196146052537,0.28575601497610853,0.31528202356336615,0.41659306679710295,0.3351088647123384,0.283224255545871,1.26,1.09
Hull City,Coventry City,0.5577104301391739,0.24860553792082876,0.19368403193999742,0.4657722736117259,0.4125912670344898,0.18961892468530311,1.66,0.89
Ipswich Town,Manchester United,0.11410218002867521,0.16335995100073286,0.7225378689705918,0.6718143846665592,0.07860574607864575,0.3901083685802218,0.94,2.55
Manchester City,Crystal Palace,0.7746987851459625,0.14628711948517964,0.0790140953688581,0.6391164399377747,0.48061754978702154,0.07553809553993124,2.59,0.73
Newcastle United,Tottenham Hotspur,0.4424547433698799,0.2499966829654133,0.3075485736647067,0.5490764528122156,0.2731588698505828,0.2026788350589134,1.6,1.3
Nottingham Forest,Liverpool,0.2920591051010678,0.25462134585595464,0.4533195490429778,0.5228484178197386,0.20883339030348222,0.2965929871929602,1.22,1.57
Aston Villa,Coventry City,0.8318881395977654,0.12028709503237915,0.0478247653698553,0.6277606132147749,0.5790115310888072,0.06624171168533799,2.72,0.55
Bournemouth,Arsenal,0.20928103296614675,0.236395043232526,0.5543239238013271,0.5288587598483903,0.16731395666668153,0.3608205460511909,1.02,1.79
Brentford,Fulham,0.5436072161765853,0.2304361861695197,0.22595659765389514,0.5719181635816036,0.3216647468469946,0.15556615024523446,1.86,1.13
Chelsea,Manchester City,0.16853747341088401,0.1913506937963528,0.6401118327927631,0.6640167701750338,0.09887655481385649,0.32368771057821094,1.13,2.32
Everton,Brighton,0.3532467429614243,0.27051864156405364,0.3762346154745222,0.4766556374293491,0.26718500353946717,0.28037293237884786,1.27,1.32
Leeds,Liverpool,0.3839153945488848,0.2431128758940539,0.37297172955706126,0.5947683327843526,0.2150322114641929,0.20974364109106092,1.56,1.54
Manchester United,Crystal Palace,0.5796842401649156,0.21401356851795122,0.2063021913171329,0.6199142360245087,0.3123319709247727,0.12811067918064004,2.06,1.16
Newcastle United,Ipswich Town,0.7233037114767596,0.16277747779546295,0.11391881072777722,0.6741619622673932,0.3888027116515746,0.07787647144182955,2.56,0.95
Nottingham Forest,Sunderland,0.4012203605754381,0.2994417708142768,0.299337868610285,0.3704879982378877,0.37154017841130993,0.30479464530416184,1.19,0.99
Tottenham Hotspur,Hull City,0.7090302046499402,0.17778149920622838,0.11318829614383148,0.6012858074937305,0.4382739969564098,0.09965906826631257,2.31,0.83
Arsenal,Tottenham Hotspur,0.6387305143032682,0.21402632920870013,0.14724315648803152,0.525607571139541,0.433672073877975,0.14108442785064215,1.96,0.84
Brighton,Nottingham Forest,0.4355516775989053,0.26444598525631713,0.30000233714477753,0.4878139815890847,0.3089248191474244,0.23177749599399491,1.46,1.17
Coventry City,Manchester United,0.04181226356076586,0.11237747866501159,0.8458102577742226,0.6343518363195186,0.06208367131600904,0.5976135089240645,0.52,2.79
Crystal Palace,Aston Villa,0.3320606147442269,0.2537612011813305,0.4141781840744426,0.5413421603235535,0.2186453902536083,0.26183621805546886,1.34,1.52
Fulham,Everton,0.37841869028749187,0.2710209542208673,0.3505603554916406,0.47452822190266697,0.2830042958649493,0.2669762064796086,1.32,1.26
Hull City,Bournemouth,0.13641234086765697,0.18075115658003338,0.6828365025523095,0.6462663522472408,0.09379416668132448,0.3739295038029835,0.98,2.37
Ipswich Town,Leeds,0.13272870936464698,0.18782511777346575,0.6794461728618872,0.6051189796832201,0.10587977091619453,0.40528420973229273,0.9,2.25
Liverpool,Chelsea,0.4744268120265962,0.21693839293687212,0.30863479503653146,0.7018785344240167,0.19797531254554016,0.131370033791374,2.03,1.62
Manchester City,Brentford,0.6700337838945307,0.1896349626163586,0.14033125348911077,0.6142043699399209,0.3889101179230948,0.10567698616165144,2.25,0.94
Sunderland,Newcastle United,0.33510332678864807,0.27512114253587816,0.3897755306754737,0.4573511551818129,0.26882378683674035,0.3010096924831327,1.2,1.31
Bournemouth,Manchester United,0.3560656765115823,0.23887072451974578,0.40506359896867206,0.613015915349774,0.19226311378930247,0.21526073766055345,1.54,1.65
Brentford,Aston Villa,0.4933583680317128,0.23262144220897513,0.2740201897593122,0.6058176715414713,0.2667694209893048,0.16051499063975377,1.83,1.32
Brighton,Sunderland,0.4834044279203425,0.27247081456627453,0.24412475751338292,0.4297061047965503,0.3837650029549988,0.23503084189146015,1.45,0.96
Everton,Hull City,0.7109969823524799,0.17724268781812694,0.11176032982939332,0.5998434934014487,0.4416344580602801,0.09956972730536535,2.31,0.82
Fulham,Ipswich Town,0.6371650813275557,0.20213578099676918,0.16069913767567526,0.5998606667606636,0.3717272920530586,0.11837628588056137,2.14,0.99
Leeds,Arsenal,0.24081384718493773,0.25332461806975376,0.5058615347453086,0.49441348705343596,0.19849691430079877,0.35110342073310963,1.05,1.62
Manchester City,Liverpool,0.6501759732624621,0.19464708914598958,0.15517693759154833,0.6227221491921571,0.36447666606601553,0.10823505337003438,2.23,1.01
Newcastle United,Coventry City,0.8437718661743401,0.1129798150635699,0.04324831876209019,0.6395444284912531,0.5882258082826886,0.061457223731279244,2.8,0.53
Nottingham Forest,Crystal Palace,0.43104624412926806,0.2700194605938164,0.2989342952769156,0.4665929869621778,0.3205732179080103,0.24329713326123656,1.41,1.14
Tottenham Hotspur,Chelsea,0.3529091999273289,0.23744691249978137,0.4096438875728896,0.619186350168235,0.1876937839806594,0.2140547445904341,1.54,1.67
Arsenal,Nottingham Forest,0.6226021753131511,0.22331548795164857,0.15408233673520044,0.5021671980501955,0.43850195823199484,0.15389367650470295,1.87,0.82
Aston Villa,Newcastle United,0.40422689591964955,0.2470795417815477,0.3486935622988027,0.5740749272359398,0.23696385058455574,0.20919842521659443,1.56,1.44
Chelsea,Everton,0.4855655679040222,0.23347267145044567,0.2809617606455321,0.6068651368008345,0.2615749576185334,0.16289724542056316,1.82,1.34
Coventry City,Tottenham Hotspur,0.06589562532416784,0.16185710518496427,0.772247269490868,0.5225077082537026,0.10488766446751759,0.5902914036817819,0.53,2.26
Crystal Palace,Brighton,0.2982701122978461,0.2606372897987456,0.44109259790340827,0.501803405038176,0.2231579585580275,0.3029961145445411,1.19,1.5
Hull City,Fulham,0.1848294888005307,0.22061631201359955,0.5945541991858697,0.5608852195915474,0.14300947848610585,0.3674382804847732,1.0,1.95
Ipswich Town,Manchester City,0.03394935221676226,0.08480352248093266,0.8812471253023051,0.7385009583115633,0.037244575982537366,0.5533347746487992,0.59,3.31
Liverpool,Brentford,0.4447030944697597,0.23363880203414195,0.32165810349609836,0.627991536992571,0.22651379534972507,0.16991362774284635,1.77,1.49
Manchester United,Leeds,0.4546447200236197,0.24005318816968912,0.3053020918066911,0.5913878319003297,0.25376336204797106,0.18052135324461746,1.71,1.37
Sunderland,Bournemouth,0.3402354636440068,0.2714715743081014,0.3882929620478916,0.47170209898945825,0.2629019156558591,0.29066933717313265,1.24,1.34
Bournemouth,Chelsea,0.39213165857016846,0.2267422753890605,0.38112606604077104,0.6743437774562326,0.17647233738345972,0.1718550443612623,1.76,1.74
Brentford,Hull City,0.8081071070397676,0.12288612934925155,0.06900676361098082,0.7191197383645556,0.4463695586786414,0.052331663224663975,2.96,0.81
Brighton,Liverpool,0.36848357306452273,0.2479598038412709,0.38355662309420646,0.5722998674698704,0.2197969091279081,0.22734502827710656,1.48,1.52
Everton,Arsenal,0.1894586710863623,0.24346670809751766,0.56707462081612,0.4789312727245568,0.18115939500896436,0.40962775069614327,0.89,1.71
Fulham,Coventry City,0.7776004026754669,0.1560306024390225,0.06636899488551032,0.5475376094035886,0.5734038503398645,0.09699139196131026,2.34,0.56
Leeds,Sunderland,0.5010535341462419,0.26357194635593345,0.23537451949782448,0.4533101452366948,0.37848250693609975,0.2172253165313386,1.53,0.97
Manchester City,Aston Villa,0.720618035643064,0.17105412309154616,0.10832784126538982,0.6183955590211568,0.4355119252437435,0.09242323192193376,2.38,0.83
Newcastle United,Crystal Palace,0.5134788382366713,0.23597814949606838,0.2505430122672602,0.5722885473467015,0.3013310675776471,0.1658050108359946,1.8,1.2
Nottingham Forest,Ipswich Town,0.6344557646261433,0.2108529944446948,0.15469124092916203,0.5517915206630011,0.4081118458800072,0.1339726409370614,2.01,0.9
Tottenham Hotspur,Manchester United,0.3202226171717836,0.24895718842251768,0.43082019440569874,0.5583879732442278,0.20387409033266732,0.26072195510380314,1.34,1.59
Arsenal,Brighton,0.5985326980741684,0.23139803791433614,0.17006926401149552,0.49702539775288745,0.4213991099366355,0.16358062528222928,1.81,0.86
Aston Villa,Tottenham Hotspur,0.4232212739705239,0.2517585832092172,0.32502014282025893,0.5479125483128142,0.2628860116222327,0.21167110702859532,1.55,1.34
Chelsea,Brentford,0.40215439983847173,0.226027152056371,0.37181844810515724,0.6772858487435999,0.17921148540011828,0.16655320084480843,1.79,1.72
Coventry City,Nottingham Forest,0.06364744073969227,0.16314046211735772,0.77321209714295,0.5097981716146686,0.1080625505293044,0.6042911414656662,0.5,2.23
Crystal Palace,Leeds,0.2887138043919971,0.25366088652699714,0.4576253090810059,0.525034912616713,0.2060719543581974,0.29780565758451905,1.21,1.58
Hull City,Newcastle United,0.13496082696383238,0.18286780635500582,0.6821713666811619,0.6329320714194719,0.09754680540425197,0.384477138218252,0.96,2.33
Ipswich Town,Everton,0.17798670108989365,0.22237243973751117,0.5996408591725951,0.5435357036426872,0.14721890815341243,0.38502513740740096,0.95,1.92
Liverpool,Bournemouth,0.4944882226455711,0.22876501931335402,0.27674675804107485,0.6253151742878078,0.2549771146436377,0.15291904384245533,1.88,1.37
Manchester United,Fulham,0.5587181324515886,0.22466594408471688,0.21661592346369463,0.5860157720278567,0.3220820049637103,0.1457395276863768,1.93,1.13
Sunderland,Manchester City,0.12602142246795042,0.2099403504230161,0.6640382271090334,0.5003146300038344,0.1415973815537118,0.4801275254792935,0.73,1.96
