fpl_id,fpl_name,web_name,team,position,price,ownership,form,ep_next,minutes,goals,assists,clean_sheets,status,xg,xa,xgi
1,David Raya Martín,Raya,Arsenal,GK,6.0,39.9,7.2,7.2,360,0,0,3,a,0.0,0.01,0.01
2,Kepa Arrizabalaga Revuelta,Arrizabalaga,Arsenal,GK,4.9,0.1,0.0,0.0,0,0,0,0,a,0.0,0.0,0.0
3,Illan Meslier,Meslier,Arsenal,GK,4.9,0.0,0.0,0.0,0,0,0,0,a,0.0,0.0,0.0
4,Gabriel dos Santos Magalhães,Gabriel,Arsenal,DEF,8.0,23.6,6.0,6.0,360,0,0,3,a,0.51,0.06,0.57
5,Jurriën Timber,J.Timber,Arsenal,DEF,6.5,0.1,0.2,0.2,45,0,0,0,a,0.0,0.01,0.01
6,William Saliba,Saliba,Arsenal,DEF,5.9,0.2,0.0,0.0,0,0,0,0,i,0.0,0.0,0.0
7,Myles Lewis-Skelly,Lewis-Skelly,Arsenal,MID,5.5,0.6,2.2,2.2,271,0,0,2,a,0.16,0.23,0.39
8,Riccardo Calafiori,Calafiori,Arsenal,DEF,5.8,49.9,7.0,7.0,326,0,2,3,a,0.6,0.59,1.19
9,Piero Hincapié,Hincapie,Arsenal,DEF,5.3,1.0,0.5,0.5,32,0,0,0,a,0.0,0.0,0.0
10,Benjamin White,White,Arsenal,DEF,5.5,7.0,5.2,5.2,315,0,1,2,a,0.18,0.29,0.47
11,Cristhian Mosquera,Mosquera,Arsenal,DEF,5.4,2.2,3.0,1.5,168,0,0,2,d,0.0,0.01,0.01
12,Bukayo Saka,Saka,Arsenal,MID,9.5,11.8,7.5,7.5,336,3,0,3,a,2.88,0.43,3.31
13,Declan Rice,Rice,Arsenal,MID,7.4,12.8,4.8,4.8,321,0,2,3,a,0.1,0.63,0.73
14,Eberechi Eze,Eze,Arsenal,MID,6.3,1.1,0.8,0.8,68,0,0,0,a,0.04,0.07,0.11
15,Martin Ødegaard,Ødegaard,Arsenal,MID,6.7,18.9,6.8,6.8,305,2,0,3,a,1.01,1.3,2.31
16,Noni Madueke,Madueke,Arsenal,MID,6.3,0.2,0.5,0.5,23,0,0,0,a,0.0,0.05,0.05
17,Mikel Merino Zazón,Merino,Arsenal,MID,5.8,0.4,0.8,0.8,51,0,0,0,a,0.14,0.02,0.16
18,Gabriel Martinelli Silva,Martinelli,Arsenal,MID,6.3,0.1,0.0,0.0,0,0,0,0,u,0.0,0.0,0.0
19,Martín Zubimendi Ibáñez,Zubimendi,Arsenal,MID,5.3,0.6,1.0,1.0,59,0,0,0,a,0.08,0.04,0.12
20,Max Dowman,Dowman,Arsenal,MID,5.3,0.1,0.0,0.0,0,0,0,0,a,0.0,0.0,0.0
22,Ethan Nwaneri,Nwaneri,Arsenal,MID,5.4,0.0,0.0,0.0,0,0,0,0,u,0.0,0.0,0.0
23,Fábio Ferreira Vieira,Fábio Vieira,Arsenal,MID,5.5,0.0,0.0,0.0,0,0,0,0,u,0.0,0.0,0.0
24,Reiss Nelson,Nelson,Arsenal,MID,5.5,0.0,0.0,0.0,0,0,0,0,u,0.0,0.0,0.0
25,Viktor Gyökeres,Gyökeres,Arsenal,FWD,7.2,3.5,0.2,0.2,12,0,0,0,a,0.0,0.0,0.0
26,Kai Havertz,Havertz,Arsenal,FWD,7.6,8.0,4.2,4.2,347,2,0,3,a,0.89,0.35,1.24
27,Gabriel Fernando de Jesus,G.Jesus,Arsenal,FWD,5.9,0.2,0.0,0.0,0,0,0,0,u,0.0,0.0,0.0
31,Ezri Konsa Ngoyo,Konsa,Arsenal,DEF,4.5,17.6,2.8,2.8,191,0,0,1,a,0.0,0.01,0.01
452,Bruno Guimarães Rodriguez Moura,Bruno G.,Arsenal,MID,6.7,1.7,2.0,2.0,64,1,0,0,a,0.09,0.15,0.24
557,Christos Tzolis,Tzolis,Arsenal,MID,6.4,15.2,3.5,3.5,290,0,2,2,a,0.19,0.48,0.67
29,Marco Bizot,M.Bizot,Aston Villa,GK,4.5,0.1,0.2,0.2,90,0,0,0,a,0.0,0.0,0.0
30,Lucas Digne,Digne,Aston Villa,DEF,4.5,0.1,0.0,0.0,0,0,0,0,u,0.0,0.0,0.0
32,Matty Cash,Cash,Aston Villa,DEF,4.5,5.7,1.8,1.4,251,0,0,1,d,0.15,0.04,0.19
33,Tyrone Mings,Mings,Aston Villa,DEF,4.5,0.4,1.8,1.8,171,0,0,1,a,0.2,0.02,0.22
34,Pau Torres,Pau,Aston Villa,DEF,4.5,0.4,0.8,0.6,187,0,0,0,d,0.0,0.01,0.01
35,Lamare Bogarde,Bogarde,Aston Villa,MID,5.0,0.1,0.2,0.2,16,0,0,0,a,0.0,0.0,0.0
36,Ian Maatsen,Maatsen,Aston Villa,DEF,4.5,0.8,2.2,0.6,335,0,0,1,d,0.28,0.45,0.73
37,Victor Lindelöf,Lindelöf,Aston Villa,DEF,4.5,0.3,1.8,1.8,360,0,0,1,a,0.44,0.17,0.61
38,Andrés García,A.García,Aston Villa,DEF,4.0,1.6,0.0,0.0,0,0,0,0,a,0.0,0.0,0.0
39,Kosta Nedeljkovic,Nedeljkovic,Aston Villa,DEF,4.0,0.1,0.0,0.0,0,0,0,0,u,0.0,0.0,0.0
41,Emiliano Buendía Stati,Buendía,Aston Villa,MID,5.9,1.0,2.2,2.2,311,0,0,1,a,0.78,0.17,0.95
44,Leon Bailey,Bailey,Aston Villa,MID,5.4,0.1,0.0,0.0,0,0,0,0,u,0.0,0.0,0.0
45,John McGinn,McGinn,Aston Villa,MID,5.4,2.3,2.8,2.8,351,0,1,1,a,0.77,0.2,0.97
46,Ross Barkley,Barkley,Aston Villa,MID,5.0,0.3,2.2,2.2,302,0,0,1,a,0.38,0.14,0.52
47,Boubacar Kamara,Kamara,Aston Villa,MID,5.0,0.3,2.2,2.2,360,0,0,1,a,0.0,0.15,0.15
48,Amadou Onana,Onana,Aston Villa,MID,4.9,0.0,0.0,0.0,0,0,0,0,i,0.0,0.0,0.0
49,Samuel Iling-Junior,Iling Jr,Aston Villa,MID,5.0,0.0,0.0,0.0,0,0,0,0,u,0.0,0.0,0.0
50,Bradley Burrowes,Burrowes,Aston Villa,MID,4.5,0.6,0.0,0.0,0,0,0,0,a,0.0,0.0,0.0
51,George Hemmings,George Hemmings,Aston Villa,MID,4.5,1.3,2.0,2.0,279,0,0,1,a,0.07,0.16,0.23
52,Alysson Edward Franco da Rocha dos Santos,Alysson,Aston Villa,MID,5.0,0.0,2.0,2.0,87,1,0,0,a,0.06,0.0,0.06
53,Johan Manzambi,Manzambi,Aston Villa,MID,5.9,0.1,0.2,0.2,27,0,0,0,a,0.0,0.08,0.08
54,Joao Gomes,Gomes,Aston Villa,MID,5.5,0.0,-0.5,-0.5,39,0,0,0,a,0.0,0.01,0.01
55,Ollie Watkins,Watkins,Aston Villa,FWD,7.8,2.8,0.0,0.0,0,0,0,0,u,0.0,0.0,0.0
56,Tammy Abraham,Abraham,Aston Villa,FWD,5.5,0.2,0.8,0.8,69,0,0,0,a,0.0,0.0,0.0
160,Alejandro Garnacho Ferreyra,Garnacho,Aston Villa,MID,5.8,0.4,0.8,0.8,31,0,0,0,a,0.0,0.0,0.0
166,Nicolas Jackson,N.Jackson,Aston Villa,FWD,6.5,1.3,1.0,1.0,199,0,0,1,a,0.24,0.58,0.82
582,Brian Madjo,Madjo,Aston Villa,FWD,5.4,0.2,0.0,0.0,0,0,0,0,i,0.0,0.0,0.0
596,Matteo Ruggeri,Ruggeri,Aston Villa,DEF,4.5,0.1,0.5,0.5,23,0,0,0,a,0.0,0.01,0.01
597,Zion Suzuki,Suzuki,Aston Villa,GK,5.0,1.8,3.5,3.5,270,0,0,1,a,0.0,0.01,0.01
606,Triston Rowe,Rowe,Aston Villa,DEF,4.0,0.2,0.0,0.0,0,0,0,0,a,0.0,0.0,0.0
607,Luka Lynch,Lynch,Aston Villa,MID,4.5,0.1,0.0,0.0,0,0,0,0,u,0.0,0.0,0.0
611,Aaron Wan-Bissaka,Wan-Bissaka,Aston Villa,DEF,4.5,0.2,1.7,1.7,107,0,0,0,a,0.0,0.06,0.06
618,Leon Goretzka,Goretzka,Aston Villa,MID,6.0,0.0,0.0,0.0,0,0,0,0,i,0.0,0.0,0.0
630,Taylor Harwood-Bellis,Harwood-Bellis,Aston Villa,DEF,4.5,0.0,0.0,0.0,0,0,0,0,a,0.0,0.0,0.0
631,Ibrahim Mbaye,Mbaye,Aston Villa,MID,6.0,0.1,0.5,0.5,27,0,0,0,a,0.02,0.13,0.15
57,Đorđe Petrović,Petrović,Bournemouth,GK,4.5,3.2,1.8,1.8,360,0,0,0,a,0.0,0.0,0.0
58,Fraser Forster,Forster,Bournemouth,GK,4.0,3.5,0.0,0.0,0,0,0,0,a,0.0,0.0,0.0
59,Will Dennis,Dennis,Bournemouth,GK,4.0,0.1,0.0,0.0,0,0,0,0,u,0.0,0.0,0.0
60,James Hill,Hill,Bournemouth,DEF,5.5,0.8,2.0,2.0,360,0,0,0,a,0.0,0.77,0.77
61,Adrien Truffert,Truffert,Bournemouth,DEF,5.5,3.3,2.0,2.0,360,0,0,0,a,0.09,0.23,0.32
62,Bafodé Diakité,Diakité,Bournemouth,DEF,5.0,0.2,0.0,0.0,0,0,0,0,a,0.0,0.0,0.0
63,Veljko Milosavljevic,Milosavljević,Bournemouth,DEF,4.9,0.0,0.0,0.0,0,0,0,0,i,0.0,0.0,0.0
64,Adam Smith,Smith,Bournemouth,DEF,4.5,0.1,0.5,0.5,360,0,0,0,a,0.01,0.07,0.08
65,Julián Araujo Zúñiga,J.Araujo,Bournemouth,DEF,4.4,0.0,0.0,0.0,0,0,0,0,i,0.0,0.0,0.0
66,Julio Soler Barreto,Soler,Bournemouth,DEF,4.0,0.3,0.0,0.0,0,0,0,0,a,0.0,0.0,0.0
67,Rayan Vitor Simplício Rocha,Rayan,Bournemouth,MID,6.4,1.8,2.0,2.0,347,0,0,0,a,0.87,0.08,0.95
68,Marcus Tavernier,Tavernier,Bournemouth,MID,6.1,4.7,7.2,7.2,350,3,0,0,a,1.7,0.81,2.51
69,Alex Scott,Scott,Bournemouth,MID,6.1,5.9,7.0,7.0,356,1,2,1,a,0.52,0.35,0.87
70,Justin Kluivert,Kluivert,Bournemouth,MID,6.0,1.0,3.8,3.8,294,1,0,2,a,0.99,0.08,1.07
71,Lewis Cook,Cook,Bournemouth,MID,5.0,0.2,1.8,1.8,165,0,0,2,a,0.0,0.01,0.01
72,Ben Gannon-Doak,Gannon-Doak,Bournemouth,MID,4.9,0.1,0.8,0.8,10,0,0,0,a,0.12,0.03,0.15
73,Tyler Adams,Adams,Bournemouth,MID,5.0,0.3,2.0,2.0,192,0,0,0,a,0.03,0.03,0.06
74,David Brooks,Brooks,Bournemouth,MID,5.0,0.1,0.5,0.5,30,0,0,0,a,0.0,0.01,0.01
75,Ryan Christie,Christie,Bournemouth,MID,5.0,0.0,0.8,0.8,28,0,0,0,a,0.0,0.12,0.12
76,Alex Tóth,Tóth.A,Bournemouth,MID,5.0,0.0,0.2,0.2,15,0,0,0,a,0.0,0.0,0.0
77,Amine Adli,Adli,Bournemouth,MID,4.9,0.0,0.0,0.0,0,0,0,0,i,0.0,0.0,0.0
78,Junior Kroupi,Kroupi.Jr,Bournemouth,MID,7.4,0.2,0.0,0.0,0,0,0,0,i,0.0,0.0,0.0
79,Francisco Evanilson de Lima Barbosa,Evanilson,Bournemouth,FWD,6.0,3.3,4.0,4.0,334,0,3,2,a,0.71,0.51,1.22
80,Enes Ünal,Enes Ünal,Bournemouth,FWD,5.5,0.0,0.0,0.0,0,0,0,0,u,0.0,0.0,0.0
81,Álvaro Rodríguez,Rodríguez,Bournemouth,FWD,6.0,0.1,0.5,0.5,10,0,0,0,a,0.0,0.0,0.0
566,António João Pereira de Albuquerque Tavares da Silva,Silva,Bournemouth,DEF,5.0,0.4,2.5,2.5,360,0,0,0,a,0.85,0.27,1.12
573,Juanlu Sánchez,Sanchez,Bournemouth,DEF,4.4,0.2,0.0,0.0,0,0,0,0,a,0.0,0.0,0.0
608,Daniel Jebbison,Jebbison,Bournemouth,FWD,5.0,0.1,0.5,0.5,16,0,0,0,a,0.1,0.0,0.1
615,Michele Di Gregorio,Di Gregorio,Bournemouth,GK,4.5,0.0,0.0,0.0,0,0,0,0,a,0.0,0.0,0.0
82,Caoimhín Kelleher,Kelleher,Brentford,GK,5.0,6.5,3.5,3.5,360,0,0,1,a,0.0,0.01,0.01
83,Hákon Rafn Valdimarsson,Valdimarsson,Brentford,GK,4.5,0.1,0.0,0.0,0,0,0,0,a,0.0,0.0,0.0
84,Nathan Collins,Collins,Brentford,DEF,5.5,1.3,2.5,0.0,196,0,0,1,i,0.51,0.05,0.56
85,Sepp van den Berg,Van den Berg,Brentford,DEF,4.9,0.1,0.0,0.0,0,0,0,0,i,0.0,0.0,0.0
86,Keane Lewis-Potter,Lewis-Potter,Brentford,MID,5.5,2.0,4.8,4.8,326,1,1,1,a,1.06,0.78,1.84
87,Kristoffer Ajer,Ajer,Brentford,DEF,4.5,4.5,3.5,3.5,360,0,0,1,a,0.13,0.03,0.16
88,Michael Kayode,Kayode,Brentford,DEF,4.6,8.4,4.2,4.2,226,1,0,1,a,0.55,0.36,0.91
89,Rico Henry,Henry,Brentford,DEF,4.4,0.2,0.2,0.2,2,0,0,0,a,0.0,0.0,0.0
90,Aaron Hickey,Hickey,Brentford,DEF,4.5,0.1,1.0,1.0,131,0,0,0,a,0.03,0.05,0.08
92,Kim Ji-soo,Ji-soo,Brentford,DEF,4.5,0.0,0.0,0.0,0,0,0,0,a,0.0,0.0,0.0
93,Jannik Schuster,Schuster,Brentford,DEF,4.5,0.1,1.8,1.8,163,0,0,0,a,0.1,0.02,0.12
94,Kevin Schade,Schade,Brentford,MID,6.0,4.9,7.5,7.5,357,3,0,1,a,0.98,0.3,1.28
95,Dango Ouattara,O.Dango,Brentford,MID,6.4,0.6,1.5,1.5,170,0,0,1,a,0.09,0.39,0.48
96,Mikkel Damsgaard,Damsgaard,Brentford,MID,5.5,0.5,3.2,3.2,197,0,1,1,a,0.13,0.45,0.58
97,Mathias Jensen,Jensen,Brentford,MID,5.4,0.1,1.5,0.0,66,0,1,1,i,0.08,0.34,0.42
98,Vitaly Janelt,Janelt,Brentford,MID,5.0,2.4,6.2,6.2,360,2,0,1,a,0.5,0.4,0.9
99,Antoni Milambo,Milambo,Brentford,MID,5.0,0.0,0.0,0.0,0,0,0,0,i,0.0,0.0,0.0
100,Fábio Freitas Gouveia Carvalho,Carvalho,Brentford,MID,5.0,0.0,0.0,0.0,0,0,0,0,a,0.0,0.0,0.0
102,Yehor Yarmoliuk,Yarmoliuk,Brentford,MID,4.9,0.7,1.5,1.5,148,0,1,0,a,0.07,0.24,0.31
103,Josh Dasilva,Dasilva,Brentford,MID,4.9,0.0,0.0,0.0,0,0,0,0,i,0.0,0.0,0.0
105,Jaidon Anthony,Anthony,Brentford,MID,5.9,0.1,1.2,1.2,187,0,0,1,a,0.19,0.52,0.71
106,Igor Thiago Nascimento Rodrigues,Thiago,Brentford,FWD,7.9,10.0,1.2,1.2,352,0,0,1,a,2.41,0.13,2.54
107,Kaye Furo,Furo,Brentford,FWD,4.5,1.1,0.0,0.0,0,0,0,0,a,0.0,0.0,0.0
108,Callum Wilson,Wilson,Brentford,FWD,5.5,0.3,0.8,0.8,13,0,0,0,a,0.07,0.04,0.11
565,Mamadou Sangaré,M.Sangaré,Brentford,MID,5.7,12.5,5.5,5.5,300,0,2,1,a,0.41,0.65,1.06
620,El Hadji Malick Diouf,Diouf,Brentford,DEF,4.5,0.1,0.3,0.3,30,0,0,0,a,0.0,0.01,0.01
657,Gustavo Nunes Fernandes Gomes,Nunes,Brentford,MID,4.5,0.0,0.0,1.1,0,0,0,0,a,0.0,0.0,0.0
109,Bart Verbruggen,Verbruggen,Brighton,GK,4.5,22.1,4.2,4.2,360,0,0,2,a,0.0,0.2,0.2
111,Jason Steele,Steele,Brighton,GK,4.0,4.2,0.0,0.0,0,0,0,0,a,0.0,0.0,0.0
113,Ferdi Kadıoğlu,F.Kadıoğlu,Brighton,DEF,4.4,1.7,2.0,2.0,257,0,0,1,a,0.08,0.11,0.19
114,Olivier Boscagli,Boscagli,Brighton,DEF,4.5,0.3,3.2,3.2,347,0,0,2,a,0.06,0.51,0.57
115,Maxim De Cuyper,De Cuyper,Brighton,DEF,4.8,22.9,8.0,8.0,333,1,3,2,a,1.53,0.44,1.97
116,Lewis Dunk,Dunk,Brighton,DEF,4.5,1.4,5.5,5.5,360,1,0,2,a,0.03,0.09,0.12
117,Diego Coppola,Coppola,Brighton,DEF,4.5,0.0,0.0,0.0,0,0,0,0,a,0.0,0.0,0.0
118,Igor Julio dos Santos de Paulo,Igor,Brighton,DEF,4.5,0.0,0.0,0.0,0,0,0,0,u,0.0,0.0,0.0
119,João Pedro Loureiro da Costa,Costinha,Brighton,DEF,4.5,0.0,0.8,0.8,54,0,0,0,a,0.12,0.16,0.28
120,Michael Svoboda,Svoboda,Brighton,DEF,5.0,0.1,0.0,0.0,0,0,0,0,a,0.0,0.0,0.0
121,Mitoma Kaoru,Mitoma,Brighton,MID,5.9,0.0,0.0,0.0,0,0,0,0,i,0.0,0.0,0.0
122,Yankuba Minteh,Minteh,Brighton,MID,5.9,0.0,0.0,0.0,0,0,0,0,i,0.0,0.0,0.0
123,Jack Hinshelwood,Hinshelwood,Brighton,MID,5.9,0.8,4.0,0.0,63,2,0,1,i,1.41,0.02,1.43
124,Pascal Groß,Groß,Brighton,MID,5.6,17.2,8.2,8.2,360,2,3,2,a,1.66,0.61,2.27
125,Georginio Rutter,Georginio,Brighton,FWD,5.4,0.5,1.2,0.9,90,0,1,1,d,0.08,0.44,0.52
126,Matt O'Riley,O'Riley,Brighton,MID,5.5,0.1,0.2,0.2,6,0,0,0,a,0.0,0.01,0.01
127,Diego Gómez Amarilla,Gomez,Brighton,MID,5.0,4.7,4.0,4.0,348,0,2,2,a,0.79,0.76,1.55
128,Facundo Buonanotte,Buonanotte,Brighton,MID,5.0,0.0,0.0,0.0,0,0,0,0,u,0.0,0.0,0.0
129,Yasin Ayari,Ayari,Brighton,MID,5.4,0.4,3.0,3.0,243,1,0,2,a,0.59,0.1,0.69
130,Mats Wieffer,Wieffer,Brighton,DEF,5.0,0.2,1.8,0.0,156,0,0,1,i,0.12,0.13,0.25
132,Harry Howell,Howell,Brighton,MID,4.5,0.0,0.0,0.0,0,0,0,0,u,0.0,0.0,0.0
133,Tom Watson,Watson,Brighton,MID,5.0,0.0,0.0,0.0,0,0,0,0,u,0.0,0.0,0.0
134,Nehemiah Oriola,Oriola,Brighton,MID,4.5,0.3,0.0,0.0,0,0,0,0,a,0.0,0.0,0.0
135,Zadok Yohanna,Yohanna,Brighton,MID,4.9,0.0,0.2,0.0,12,0,0,0,i,0.0,0.03,0.03
137,Stefanos Tzimas,Tzimas,Brighton,FWD,5.4,0.0,0.0,0.0,0,0,0,0,i,0.0,0.0,0.0
138,Charalampos Kostoulas,Kostoulas,Brighton,FWD,5.5,0.6,4.5,4.5,278,1,2,1,a,1.17,0.05,1.22
139,Evan Ferguson,Ferguson,Brighton,FWD,5.0,0.0,0.0,0.0,0,0,0,0,i,0.0,0.0,0.0
328,Pascal Struijk,Struijk,Brighton,DEF,5.0,0.2,0.5,0.5,13,0,0,0,a,0.0,0.01,0.01
504,Luka Vušković,Vuskovic,Brighton,DEF,5.0,3.2,6.0,6.0,347,1,0,2,a,0.46,0.07,0.53
594,Promise David,David,Brighton,FWD,6.0,0.2,0.2,0.2,23,0,0,0,a,0.42,0.0,0.42
600,Ibrahim Osman,Osman,Brighton,MID,5.0,0.0,0.8,0.8,40,0,0,0,a,0.05,0.07,0.12
605,Malick Yalcouyé,Yalcouyé,Brighton,MID,4.5,3.5,4.8,4.8,231,2,0,1,a,1.42,0.27,1.69
614,Jaouen Hadjam,Hadjam,Brighton,DEF,4.5,0.0,0.0,0.0,0,0,0,0,a,0.0,0.0,0.0
624,Amario Cozier-Duberry,Cozier-Duberry,Brighton,MID,5.0,0.0,0.0,0.0,0,0,0,0,u,0.0,0.0,0.0
639,José María Andrés Baixauli,Andrés,Brighton,MID,5.5,0.0,2.0,2.0,25,0,1,0,a,0.24,0.01,0.25
652,Femi Azeez,Azeez,Brighton,MID,5.5,0.0,0.0,0.0,0,0,0,0,d,0.0,0.0,0.0
658,Younes Ibrahim,Ibrahim,Brighton,MID,4.5,0.0,0.0,1.1,0,0,0,0,a,0.0,0.0,0.0
28,Emiliano Martínez Romero,Martinez,Chelsea,GK,5.0,5.1,1.8,1.8,270,0,0,0,a,0.0,0.01,0.01
40,Morgan Rogers,Rogers,Chelsea,MID,7.7,36.4,6.8,6.8,347,3,1,0,a,1.39,1.16,2.55
101,Jordan Henderson,Henderson,Chelsea,MID,4.9,0.0,0.0,0.0,0,0,0,0,i,0.0,0.0,0.0
136,Danny Welbeck,Welbeck,Chelsea,FWD,5.9,0.8,0.5,0.5,15,0,0,0,a,0.0,0.06,0.06
140,Robert Lynch Sánchez,Sánchez,Chelsea,GK,4.9,0.8,0.5,0.0,90,0,0,0,u,0.0,0.01,0.01
141,Filip Jörgensen,Jörgensen,Chelsea,GK,5.0,0.0,0.0,0.0,0,0,0,0,u,0.0,0.0,0.0
142,Reece James,James,Chelsea,DEF,5.4,7.4,0.8,0.8,292,0,0,0,a,0.33,0.26,0.59
143,Trevoh Chalobah,Chalobah,Chelsea,DEF,5.5,0.1,0.0,0.0,0,0,0,0,u,0.0,0.0,0.0
144,Malo Gusto,Gusto,Chelsea,DEF,5.0,1.0,1.0,1.0,272,0,0,0,a,0.08,0.12,0.2
145,Wesley Fofana,Fofana,Chelsea,DEF,5.0,0.2,1.0,1.0,242,0,0,0,a,0.0,0.08,0.08
146,Benoît Badiashile Mukinayi,B.Badiashile,Chelsea,DEF,4.5,0.0,0.0,0.0,0,0,0,0,u,0.0,0.0,0.0
148,Jorrel Hato,Hato,Chelsea,DEF,4.5,1.0,2.0,2.0,258,0,2,0,a,0.01,0.21,0.22
149,Levi Samuels Colwill,Colwill,Chelsea,DEF,4.9,1.0,0.5,0.5,251,0,0,0,a,0.01,0.04,0.05
150,Mamadou Sarr,M.Sarr,Chelsea,DEF,4.5,0.0,0.0,0.0,0,0,0,0,u,0.0,0.0,0.0
151,Josh Acheampong,Acheampong,Chelsea,DEF,4.5,0.4,1.2,1.2,202,0,0,0,a,0.0,0.02,0.02
152,Marco Palestra,Palestra,Chelsea,DEF,5.3,0.8,0.0,0.0,0,0,0,0,i,0.0,0.0,0.0
154,Cole Palmer,Palmer,Chelsea,MID,9.7,26.8,6.5,6.5,352,2,2,0,a,1.18,0.61,1.79
156,Pedro Lomba Neto,Neto,Chelsea,MID,6.5,1.4,3.0,3.0,246,1,0,0,a,0.52,0.53,1.05
157,Estêvão Almeida de Oliveira Gonçalves,Estêvão,Chelsea,MID,6.3,0.7,0.8,0.8,20,0,0,0,a,0.07,0.07,0.14
158,Jamie Bynoe-Gittens,Gittens,Chelsea,MID,5.9,0.0,0.0,0.0,0,0,0,0,a,0.0,0.0,0.0
159,Moisés Caicedo Corozo,Caicedo,Chelsea,MID,5.4,1.3,0.2,0.0,13,0,0,0,i,0.0,0.0,0.0
161,Roméo Lavia,Lavia,Chelsea,MID,5.0,0.2,2.8,2.8,258,1,0,0,a,0.75,0.11,0.86
163,Dário Luís Essugo,D.Essugo,Chelsea,MID,4.5,0.1,0.0,0.0,0,0,0,0,u,0.0,0.0,0.0
164,Geovany Quenda,Quenda,Chelsea,MID,5.3,0.0,0.2,0.2,8,0,0,0,a,0.0,0.0,0.0
165,João Pedro Junqueira de Jesus,João Pedro,Chelsea,FWD,7.8,74.7,8.2,8.2,360,3,3,0,a,2.17,0.19,2.36
168,Marc Guiu Paz,Marc Guiu,Chelsea,FWD,5.0,0.2,0.0,0.0,0,0,0,0,u,0.0,0.0,0.0
169,Shumaira Mheuka,Mheuka,Chelsea,FWD,4.5,0.4,0.0,0.0,0,0,0,0,a,0.0,0.0,0.0
170,Emmanuel Emegha,Emegha,Chelsea,FWD,5.0,0.1,0.0,0.0,0,0,0,0,i,0.0,0.0,0.0
200,Maxence Lacroix,Lacroix,Chelsea,DEF,6.0,7.6,2.5,2.5,274,0,1,0,a,0.02,0.21,0.23
560,Mike Penders,Penders,Chelsea,GK,4.4,0.1,0.0,0.0,0,0,0,0,a,0.0,0.0,0.0
561,Aaron Anselmino,Anselmino,Chelsea,DEF,4.5,0.0,0.0,0.0,0,0,0,0,a,0.0,0.0,0.0
568,Valentín Barco,Barco,Chelsea,MID,5.5,0.1,0.2,0.2,29,0,0,0,a,0.04,0.09,0.13
583,Pep Chavarría,Chavarria,Chelsea,DEF,4.9,0.2,1.0,1.0,118,0,0,0,a,0.0,0.03,0.03
91,Ethan Pinnock,Pinnock,Coventry City,DEF,4.5,0.1,1.5,1.5,192,0,0,0,a,0.12,0.0,0.12
104,Frank Onyeka,Onyeka,Coventry City,MID,4.9,0.1,1.5,1.5,224,0,0,0,a,0.03,0.02,0.05
110,Carl Rushworth,Rushworth,Coventry City,GK,4.5,0.9,1.2,1.2,360,0,0,0,a,0.0,0.02,0.02
171,Oliver Dovin,Dovin,Coventry City,GK,4.0,1.1,0.0,0.0,0,0,0,0,u,0.0,0.0,0.0
172,Ben Wilson,Wilson,Coventry City,GK,4.5,0.4,0.0,0.0,0,0,0,0,a,0.0,0.0,0.0
173,Bobby Thomas,Thomas,Coventry City,DEF,4.0,9.1,3.8,3.8,347,0,0,1,a,0.43,0.26,0.69
174,Liam Kitching,Kitching,Coventry City,DEF,4.0,0.4,0.0,0.0,0,0,0,0,u,0.0,0.0,0.0
175,Milan van Ewijk,van Ewijk,Coventry City,DEF,4.0,10.3,1.5,1.5,360,0,0,0,a,0.0,0.3,0.3
176,Jay Dasilva,Dasilva,Coventry City,DEF,4.0,0.7,1.2,1.2,354,0,0,0,a,0.18,0.48,0.66
177,Kaine Kesler-Hayden,Kesler-Hayden,Coventry City,DEF,4.0,0.0,0.0,0.0,0,0,0,0,i,0.0,0.0,0.0
178,Jake Bidwell,Bidwell,Coventry City,DEF,4.0,0.1,0.0,0.0,0,0,0,0,a,0.0,0.0,0.0
179,Joel Latibeaudiere,Latibeaudiere,Coventry City,DEF,4.0,0.0,0.0,0.0,0,0,0,0,a,0.0,0.0,0.0
180,Luke Woolfenden,Woolfenden,Coventry City,DEF,4.0,0.1,0.0,0.0,0,0,0,0,i,0.0,0.0,0.0
181,Miguel Brau,Brau,Coventry City,DEF,4.0,0.0,0.0,0.0,0,0,0,0,u,0.0,0.0,0.0
182,Aurèle Amenda,Amenda,Coventry City,DEF,4.0,0.7,1.0,1.0,360,0,0,0,a,0.02,0.39,0.41
183,Jack Rudoni,Rudoni,Coventry City,MID,5.0,0.1,2.0,2.0,224,0,0,1,a,0.83,0.91,1.74
184,Matt Grimes,Grimes,Coventry City,MID,4.9,0.1,2.0,2.0,353,0,0,0,a,0.1,0.07,0.17
185,Tatsuhiro Sakamoto,Sakamoto,Coventry City,MID,4.9,0.1,0.2,0.2,31,0,0,0,a,0.02,0.02,0.04
186,Ephron Mason-Clark,Mason-Clark,Coventry City,MID,5.4,0.1,1.0,1.0,186,0,0,0,a,0.49,0.07,0.56
187,Josh Eccles,Eccles,Coventry City,MID,4.9,0.0,0.0,0.0,0,0,0,0,i,0.0,0.0,0.0
188,Victor Torp,Torp,Coventry City,MID,5.4,0.1,0.8,0.8,53,0,0,0,a,0.0,0.12,0.12
189,George Shepherd,Shepherd,Coventry City,MID,4.5,0.2,0.0,0.0,0,0,0,0,a,0.0,0.0,0.0
190,Loum Tchaouna,Tchaouna,Coventry City,MID,5.4,0.1,1.0,1.0,166,0,0,0,a,0.19,0.18,0.37
191,Raphael Borges Rodrigues,Borges Rodrigues,Coventry City,MID,4.5,0.1,0.0,0.0,0,0,0,0,u,0.0,0.0,0.0
192,Kai Andrews,Andrews,Coventry City,MID,4.5,0.3,0.0,0.0,0,0,0,0,u,0.0,0.0,0.0
193,Haji Wright,Wright,Coventry City,FWD,5.4,0.1,0.0,0.0,0,0,0,0,i,0.0,0.0,0.0
194,Brandon Thomas-Asante,Thomas-Asante,Coventry City,FWD,5.0,0.8,1.2,1.2,137,0,0,0,a,0.21,0.05,0.26
195,Ellis Simms,Simms,Coventry City,FWD,5.0,0.8,0.8,0.8,88,0,0,0,a,0.3,0.01,0.31
196,Jahnoah Markelo,Markelo,Coventry City,FWD,5.0,0.0,0.0,0.0,0,0,0,0,u,0.0,0.0,0.0
197,Norman Bassette,Bassette,Coventry City,FWD,4.5,0.0,0.0,0.0,0,0,0,0,u,0.0,0.0,0.0
492,Taiwo Awoniyi,Awoniyi,Coventry City,FWD,5.5,0.6,0.8,0.0,232,0,0,0,s,1.3,0.04,1.34
575,Caleb Yirenkyi,Yirenkyi,Coventry City,MID,4.9,0.2,1.5,1.5,175,0,0,1,a,0.03,0.14,0.17
584,Gustavo Hamer,Hamer,Coventry City,MID,5.4,0.1,0.8,0.8,32,0,0,0,a,0.0,0.02,0.02
599,Sidiki Cherif,Cherif,Coventry City,FWD,5.0,0.1,0.2,0.2,30,0,0,0,a,0.0,0.0,0.0
623,Dan Bentley,Bentley,Coventry City,GK,4.0,0.5,0.0,0.0,0,0,0,0,a,0.0,0.0,0.0
655,Yann Gboho,Gboho,Coventry City,MID,5.5,0.0,0.0,2.0,0,0,0,0,a,0.0,0.0,0.0
656,Stephen Mfuni,Mfuni,Coventry City,DEF,4.0,0.1,0.0,1.1,0,0,0,0,a,0.0,0.0,0.0
42,Evann Guessand,Guessand,Crystal Palace,MID,5.5,0.0,0.5,0.5,54,0,0,0,a,0.03,0.03,0.06
153,Axel Disasi,Disasi,Crystal Palace,DEF,4.5,0.1,0.2,0.0,139,0,0,0,s,0.0,0.04,0.04
198,Dean Henderson,Henderson,Crystal Palace,GK,5.0,1.7,1.2,0.0,270,0,0,0,i,0.0,0.0,0.0
199,Walter Benítez,Benitez,Crystal Palace,GK,4.5,0.1,0.5,0.5,90,0,0,0,a,0.0,0.0,0.0
202,Chris Richards,Richards,Crystal Palace,DEF,5.0,0.6,1.5,1.5,360,0,0,0,a,0.08,0.06,0.14
203,Jaydee Canvot,Canvot,Crystal Palace,DEF,4.9,0.2,0.5,0.5,270,0,0,0,a,0.05,0.01,0.06
204,Tyrick Mitchell,Mitchell,Crystal Palace,DEF,4.5,6.5,4.2,4.2,329,2,0,0,a,0.77,0.24,1.01
205,Borna Sosa,Sosa,Crystal Palace,DEF,4.5,0.0,0.0,0.0,0,0,0,0,u,0.0,0.0,0.0
206,Chadi Riad Dnanou,Chadi Riad,Crystal Palace,DEF,4.4,0.0,0.2,0.0,72,0,0,0,i,0.0,0.01,0.01
207,Oscar Mingueza,Mingueza,Crystal Palace,DEF,4.4,0.1,0.5,0.5,16,0,0,0,a,0.0,0.0,0.0
208,Ismaïla Sarr,Sarr,Crystal Palace,MID,6.2,0.7,0.0,0.0,0,0,0,0,i,0.0,0.0,0.0
210,Adam Wharton,Wharton,Crystal Palace,MID,5.5,0.8,2.5,2.5,346,0,0,0,a,0.08,0.36,0.44
211,Yéremy Pino Santos,Yeremy,Crystal Palace,MID,5.5,0.5,3.0,3.0,226,0,2,0,a,0.36,0.4,0.76
212,Will Hughes,Hughes,Crystal Palace,MID,4.5,8.2,0.5,0.5,29,0,0,0,a,0.0,0.04,0.04
213,Jefferson Lerma Solís,Lerma,Crystal Palace,MID,4.9,0.1,0.2,0.2,6,0,0,0,a,0.0,0.0,0.0
214,Daichi Kamada,Kamada,Crystal Palace,MID,5.0,0.5,4.5,4.5,351,0,3,0,a,0.05,0.35,0.4
215,Justin Devenny,Devenny,Crystal Palace,MID,5.0,0.0,0.0,0.0,0,0,0,0,u,0.0,0.0,0.0
216,Romain Esse,Esse,Crystal Palace,MID,5.0,0.0,0.0,0.0,0,0,0,0,u,0.0,0.0,0.0
217,Matheus França de Oliveira,M.França,Crystal Palace,MID,4.9,0.0,0.0,0.0,0,0,0,0,u,0.0,0.0,0.0
218,Cheick Doucouré,Doucouré,Crystal Palace,MID,4.9,0.1,0.0,0.0,0,0,0,0,a,0.0,0.0,0.0
219,Jesurun Rak-Sakyi,J.Rak-Sakyi,Crystal Palace,MID,4.9,0.0,0.0,0.0,0,0,0,0,u,0.0,0.0,0.0
220,Rio Cardines,Cardines,Crystal Palace,DEF,4.5,0.0,0.0,0.0,0,0,0,0,u,0.0,0.0,0.0
221,Joél Drakes-Thomas,Drakes-Thomas,Crystal Palace,MID,4.5,0.1,0.0,0.0,0,0,0,0,a,0.0,0.0,0.0
222,Jørgen Strand Larsen,Strand Larsen,Crystal Palace,FWD,6.0,0.6,3.0,3.0,217,1,0,0,a,0.39,0.03,0.42
223,Jean-Philippe Mateta,Mateta,Crystal Palace,FWD,6.3,1.6,0.5,0.0,62,0,0,0,i,0.7,0.02,0.72
224,Eddie Nketiah,Nketiah,Crystal Palace,FWD,5.5,0.7,1.8,1.4,167,0,1,0,d,1.1,0.58,1.68
225,Christantus Uche,Uche,Crystal Palace,FWD,5.0,0.0,0.0,0.0,0,0,0,0,u,0.0,0.0,0.0
241,Dwight McNeil,McNeil,Crystal Palace,MID,5.4,0.1,0.8,0.8,84,0,0,0,a,0.05,0.02,0.07
555,Remi Matthews,Matthews,Crystal Palace,GK,4.0,1.7,0.0,0.0,0,0,0,0,a,0.0,0.0,0.0
577,Takehiro Tomiyasu,Tomiyasu,Crystal Palace,DEF,4.5,0.3,0.5,0.5,144,0,0,0,a,0.0,0.02,0.02
588,Anan Khalaili,Khalaili,Crystal Palace,DEF,5.0,0.3,3.2,3.2,289,1,0,0,a,0.96,0.31,1.27
595,Zavier Gozo,Gozo,Crystal Palace,MID,5.0,0.0,0.5,0.5,28,0,0,0,a,0.0,0.0,0.0
633,Honest Ahanor,Ahanor,Crystal Palace,DEF,4.5,0.0,1.5,1.5,90,0,0,0,a,0.0,0.01,0.01
643,Ben Chilwell,Chilwell,Crystal Palace,DEF,4.5,0.5,4.0,4.0,29,1,0,0,a,0.27,0.01,0.28
644,Quinten Timber,Timber,Crystal Palace,MID,5.0,0.0,3.0,3.0,163,0,0,0,a,0.12,0.03,0.15
647,Darío Osorio,Osorio,Crystal Palace,MID,5.5,0.0,0.5,0.5,1,0,0,0,a,0.0,0.0,0.0
21,Christian Nørgaard,Nørgaard,Everton,MID,4.9,0.0,0.0,0.0,0,0,0,0,i,0.0,0.0,0.0
209,Brennan Johnson,Johnson,Everton,MID,5.9,0.1,1.5,1.5,173,0,0,1,a,0.21,0.22,0.43
226,Jordan Pickford,Pickford,Everton,GK,5.5,8.7,4.2,4.2,360,0,0,2,a,0.0,0.02,0.02
227,Mark Travers,Travers,Everton,GK,5.0,0.0,0.0,0.0,0,0,0,0,a,0.0,0.0,0.0
228,Tom King,King,Everton,GK,4.5,0.0,0.0,0.0,0,0,0,0,a,0.0,0.0,0.0
229,James Tarkowski,Tarkowski,Everton,DEF,6.1,12.7,7.2,7.2,360,1,0,2,a,0.17,0.03,0.2
230,Jarrad Branthwaite,Branthwaite,Everton,DEF,5.5,2.0,4.8,4.8,360,0,0,2,a,0.17,0.02,0.19
231,Michael Keane,Keane,Everton,DEF,4.8,0.8,0.0,0.0,0,0,0,0,a,0.0,0.0,0.0
232,Jake O'Brien,O'Brien,Everton,DEF,4.9,0.3,0.2,0.2,15,0,0,0,a,0.0,0.0,0.0
233,Vitalii Mykolenko,Mykolenko,Everton,DEF,4.5,2.6,5.5,5.5,360,0,0,2,a,0.0,0.14,0.14
234,Nathan Patterson,Patterson,Everton,DEF,4.5,0.0,0.0,0.0,0,0,0,0,u,0.0,0.0,0.0
235,Adam Aznou,Aznou,Everton,DEF,4.0,0.1,0.0,0.0,0,0,0,0,u,0.0,0.0,0.0
236,Kiernan Dewsbury-Hall,Dewsbury-Hall,Everton,MID,6.5,4.8,4.2,4.2,360,1,0,2,a,0.62,0.49,1.11
238,Jack Grealish,Grealish,Everton,MID,6.5,0.4,0.8,0.8,57,0,0,0,a,0.02,0.14,0.16
239,James Garner,Garner,Everton,MID,6.0,0.1,2.0,2.0,238,0,0,1,a,0.04,0.13,0.17
242,Tyrique George,George,Everton,MID,5.5,0.7,4.5,4.5,298,1,0,2,a,0.32,0.31,0.63
243,Carlos Alcaraz Durán,Alcaraz,Everton,MID,4.9,0.1,0.2,0.2,5,0,0,0,a,0.05,0.02,0.07
244,Harrison Armstrong,Armstrong,Everton,MID,5.0,0.4,3.5,3.5,356,0,1,2,a,0.09,0.12,0.21
245,Tyler Dibling,Dibling,Everton,MID,5.4,0.0,0.0,0.0,0,0,0,0,a,0.0,0.0,0.0
246,Merlin Röhl,Röhl,Everton,MID,4.9,0.0,1.5,1.5,249,0,0,1,a,0.0,0.2,0.2
247,Hayden Hackney,Hackney,Everton,MID,5.5,0.2,2.2,2.2,136,0,1,1,a,0.05,0.13,0.18
248,Norberto Bercique Gomes Betuncal,Beto,Everton,FWD,5.4,0.8,0.5,0.0,31,0,0,0,u,0.09,0.0,0.09
249,Thierno Barry,Barry,Everton,FWD,5.6,6.4,3.5,3.5,327,1,0,2,a,2.98,0.14,3.12
649,Ainsley Maitland-Niles,Maitland-Niles,Everton,DEF,4.5,0.5,6.5,6.5,87,1,0,1,a,0.06,0.14,0.2
654,Braiden Graham,Graham,Everton,MID,4.5,0.1,0.0,0.0,0,0,0,0,a,0.0,0.0,0.0
250,Bernd Leno,Leno,Fulham,GK,4.5,3.0,3.8,3.8,360,0,0,1,a,0.0,0.0,0.0
251,Benjamin Lecomte,Lecomte,Fulham,GK,4.0,1.1,0.0,0.0,0,0,0,0,a,0.0,0.0,0.0
252,Alfie McNally,McNally,Fulham,GK,4.0,0.1,0.0,0.0,0,0,0,0,u,0.0,0.0,0.0
253,Joachim Andersen,Andersen,Fulham,DEF,5.0,0.1,0.5,0.5,180,0,0,0,a,0.0,0.1,0.1
254,Antonee Robinson,Robinson,Fulham,DEF,4.5,1.4,2.5,2.5,339,0,0,1,a,0.26,0.21,0.47
255,Jorge Cuenca Barreno,J.Cuenca,Fulham,DEF,4.5,0.0,0.8,0.8,90,0,0,0,a,0.0,0.03,0.03
256,Kenny Tete,Tete,Fulham,DEF,4.4,0.2,0.0,0.0,27,0,0,0,a,0.0,0.0,0.0
257,Calvin Bassey,Bassey,Fulham,DEF,4.5,0.7,2.2,2.2,360,0,0,1,a,0.07,0.07,0.14
258,Timothy Castagne,Castagne,Fulham,DEF,4.5,0.8,4.8,4.8,318,0,2,2,a,0.67,0.38,1.05
261,Alex Iwobi,Iwobi,Fulham,MID,5.4,0.7,2.2,2.2,338,0,0,1,a,0.2,0.81,1.01
262,Emile Smith Rowe,Smith Rowe,Fulham,MID,5.4,0.3,0.8,0.8,38,0,0,0,a,0.06,0.02,0.08
263,Kevin Santos Lopes de Macedo,Kevin,Fulham,MID,5.3,0.0,0.8,0.8,42,0,0,0,a,0.03,0.12,0.15
264,Oscar Bobb,Bobb,Fulham,MID,5.5,0.3,2.5,2.5,273,0,0,2,a,0.32,1.05,1.37
265,Sander Berge,Berge,Fulham,MID,4.9,0.3,2.0,2.0,273,0,0,1,a,0.03,0.34,0.37
266,Tom Cairney,Cairney,Fulham,MID,5.0,0.0,0.0,0.0,0,0,0,0,i,0.0,0.0,0.0
268,Josh King,King,Fulham,MID,5.5,1.4,5.5,5.5,346,2,0,1,a,1.16,0.43,1.59
269,Ryan Sessegnon,Sessegnon,Fulham,DEF,4.4,0.3,0.8,0.8,50,0,0,0,a,0.13,0.44,0.57
270,Harrison Reed,Reed,Fulham,MID,4.4,1.1,0.0,0.0,0,0,0,0,a,0.0,0.0,0.0
271,Rodrigo Muniz Carvalho,Muniz,Fulham,FWD,5.4,0.4,0.8,0.8,28,0,0,0,a,0.4,0.0,0.4
272,Jonah Kusi-Asare,Kusi-Asare,Fulham,FWD,4.5,6.0,0.0,0.0,0,0,0,0,a,0.0,0.0,0.0
569,Gonzalo García,Gonzalo,Fulham,FWD,6.0,3.8,3.0,3.0,346,1,0,1,a,1.64,0.25,1.89
570,César Palacios,Palacios,Fulham,MID,5.4,0.2,2.8,2.8,207,1,0,0,a,0.98,0.03,1.01
580,Shea Charles,Charles,Fulham,MID,5.0,0.1,2.2,2.2,213,0,0,1,a,0.09,0.14,0.23
610,Luc De Fougerolles,De Fougerolles,Fulham,DEF,4.0,0.1,0.0,0.0,0,0,0,0,u,0.0,0.0,0.0
626,Macaulay Zepa,Zepa,Fulham,MID,4.5,0.3,0.0,0.0,0,0,0,0,a,0.0,0.0,0.0
635,Hugo Larsson,Larsson,Fulham,MID,5.0,0.0,1.0,1.0,24,0,0,0,a,0.13,0.23,0.36
636,Manuel Ángel Morán Ibáñez,Ángel,Fulham,MID,5.0,0.0,0.0,0.0,0,0,0,0,a,0.0,0.0,0.0
650,David Affengruber,Affengruber,Fulham,DEF,4.5,0.0,4.0,4.0,90,0,0,1,a,0.0,0.0,0.0
240,Tim Iroegbunam,Iroegbunam,Hull City,MID,5.0,0.0,0.2,0.2,25,0,0,0,a,0.0,0.0,0.0
273,Dillon Phillips,Phillips,Hull City,GK,4.0,1.4,0.0,0.0,0,0,0,0,a,0.0,0.0,0.0
274,Jack Butland,Butland,Hull City,GK,4.5,0.1,0.0,0.0,0,0,0,0,i,0.0,0.0,0.0
275,Harvey Cartwright,Cartwright,Hull City,GK,4.0,0.0,0.0,0.0,0,0,0,0,u,0.0,0.0,0.0
276,Thimothée Lo-Tutala,Lo-Tutala,Hull City,GK,4.0,0.0,0.0,0.0,0,0,0,0,u,0.0,0.0,0.0
277,John Egan,Egan,Hull City,DEF,4.1,6.6,6.2,6.2,360,0,0,3,a,0.04,0.0,0.04
278,Charlie Hughes,Hughes,Hull City,DEF,3.9,0.2,0.0,0.0,0,0,0,0,i,0.0,0.0,0.0
279,Semi Ajayi,Ajayi,Hull City,DEF,4.2,13.4,6.5,6.5,333,1,0,3,a,0.65,0.0,0.65
280,Lewie Coyle,Coyle,Hull City,DEF,4.0,0.6,3.2,3.2,258,0,0,2,a,0.13,0.03,0.16
281,Cody Drameh,Drameh,Hull City,DEF,4.0,0.0,0.5,0.0,65,0,0,0,u,0.05,0.0,0.05
282,Ryan Giles,Giles,Hull City,DEF,4.0,2.2,6.0,6.0,354,0,1,3,a,0.02,0.35,0.37
283,Matty Jacob,Jacob,Hull City,DEF,4.0,0.0,0.0,0.0,0,0,0,0,u,0.0,0.0,0.0
284,Cathal McCarthy,McCarthy,Hull City,DEF,4.0,0.1,0.0,0.0,0,0,0,0,a,0.0,0.0,0.0
285,Paddy McNair,McNair,Hull City,DEF,4.0,0.1,0.2,0.2,26,0,0,0,a,0.0,0.0,0.0
286,Mohamed Belloumi,Belloumi,Hull City,MID,5.0,2.3,6.8,6.8,312,2,1,3,a,0.37,0.12,0.49
287,Liam Millar,Millar,Hull City,MID,5.0,0.0,1.5,0.0,50,1,0,0,u,0.58,0.0,0.58
288,Kieran Dowell,Dowell,Hull City,MID,4.5,0.3,0.0,0.0,0,0,0,0,a,0.0,0.0,0.0
289,Matt Crooks,Crooks,Hull City,MID,4.5,0.5,0.8,0.8,158,0,0,1,a,0.0,0.0,0.0
290,Regan Slater,Slater,Hull City,MID,4.5,5.6,3.2,3.2,360,0,1,3,a,0.08,0.56,0.64
291,Eliot Matazo,Matazo,Hull City,MID,4.5,0.0,0.0,0.0,0,0,0,0,i,0.0,0.0,0.0
292,Abdülkadir Ömür,Ömür,Hull City,MID,4.9,0.0,0.0,0.0,0,0,0,0,a,0.0,0.0,0.0
293,Abu Kamara,Kamara,Hull City,MID,5.0,0.0,0.0,0.0,0,0,0,0,u,0.0,0.0,0.0
294,Óscar Zambrano,Zambrano,Hull City,MID,4.5,0.1,0.0,0.0,0,0,0,0,a,0.0,0.0,0.0
295,Oli McBurnie,McBurnie,Hull City,FWD,5.5,1.9,3.0,3.0,351,0,2,3,a,0.87,0.11,0.98
296,David Akintola,Akintola,Hull City,MID,5.0,0.0,0.0,0.0,0,0,0,0,u,0.0,0.0,0.0
297,Darko Gyabi,Gyabi,Hull City,MID,4.5,0.0,0.0,0.0,0,0,0,0,i,0.0,0.0,0.0
298,Enis Destan,Destan,Hull City,FWD,4.5,0.2,0.0,0.0,0,0,0,0,u,0.0,0.0,0.0
299,Mason Burstow,Burstow,Hull City,FWD,4.5,0.0,0.0,0.0,0,0,0,0,u,0.0,0.0,0.0
340,Joe Gelhardt,Gelhardt,Hull City,MID,5.0,0.0,0.0,0.0,0,0,0,0,a,0.0,0.0,0.0
556,Matt Targett,Targett,Hull City,DEF,4.0,1.9,0.2,0.2,5,0,0,0,a,0.0,0.0,0.0
563,Hidemasa Morita,Morita,Hull City,MID,5.0,0.0,0.2,0.0,45,0,0,0,i,0.0,0.0,0.0
572,Konstantinos Tzolakis,Tzolakis,Hull City,GK,4.6,10.5,7.0,7.0,360,0,0,3,a,0.0,0.0,0.0
574,Jens Hjertø-Dahl,Hjertø-Dahl,Hull City,MID,4.9,0.1,0.2,0.2,8,0,0,0,a,0.0,0.0,0.0
576,Elliot Stroud,Stroud,Hull City,MID,5.0,0.1,1.8,1.8,249,0,0,2,a,0.06,0.05,0.11
585,Lucas Herrington,Herrington,Hull City,DEF,4.0,0.6,1.0,1.0,107,0,0,0,a,0.0,0.01,0.01
586,Nobel Mendy,Mendy,Hull City,DEF,4.1,7.7,6.2,3.1,249,1,0,2,d,0.32,0.0,0.32
589,Lucas Gourna-Douath,Gourna-Douath,Hull City,MID,5.0,0.0,0.8,0.8,126,0,0,1,a,0.0,0.02,0.02
617,Mohamed-Ali Cho,Cho,Hull City,MID,5.0,0.0,1.0,1.0,45,0,0,0,a,0.52,0.16,0.68
632,Ilyas Ansah,Ansah,Hull City,FWD,5.0,0.0,0.0,0.0,0,0,0,0,i,0.0,0.0,0.0
637,Robinio Vaz,Vaz,Hull City,FWD,5.0,0.1,0.5,0.5,8,0,0,0,a,0.0,0.0,0.0
638,Brooke Norton-Cuffy,Norton-Cuffy,Hull City,DEF,4.0,0.3,0.5,0.5,34,0,0,0,a,0.05,0.0,0.05
642,Sorba Thomas,Thomas,Hull City,MID,5.5,0.0,1.0,1.0,57,0,0,0,a,0.02,0.07,0.09
645,Christos Mouzakitis,Mouzakitis,Hull City,MID,5.0,0.0,0.0,0.0,0,0,0,0,a,0.0,0.0,0.0
259,Issa Diop,Diop,Ipswich Town,DEF,4.0,14.0,2.0,2.0,360,0,0,0,a,0.0,0.15,0.15
267,Saša Lukić,Lukić,Ipswich Town,MID,5.0,0.1,2.2,2.2,328,0,1,0,a,0.02,0.16,0.18
300,Christian Walton,Walton,Ipswich Town,GK,4.4,0.4,0.0,0.0,0,0,0,0,a,0.0,0.0,0.0
301,Alex Palmer,Palmer,Ipswich Town,GK,4.0,4.1,0.0,0.0,0,0,0,0,a,0.0,0.0,0.0
302,David Button,Button,Ipswich Town,GK,4.0,0.6,0.0,0.0,0,0,0,0,a,0.0,0.0,0.0
303,Cédric Kipré,Kipré,Ipswich Town,DEF,3.9,0.5,0.0,0.0,0,0,0,0,a,0.0,0.0,0.0
304,Dara O'Shea,O'Shea,Ipswich Town,DEF,4.0,2.9,2.0,2.0,360,0,0,0,a,0.07,0.26,0.33
305,Leif Davis,Davis,Ipswich Town,DEF,4.0,5.8,5.8,5.8,360,2,2,0,a,1.17,0.44,1.61
306,Jacob Greaves,Greaves,Ipswich Town,DEF,4.0,1.2,0.8,0.8,357,0,0,0,a,0.0,0.06,0.06
307,Ben Johnson,Johnson,Ipswich Town,DEF,4.0,0.1,0.0,0.0,0,0,0,0,u,0.0,0.0,0.0
308,Darnell Furlong,Furlong,Ipswich Town,DEF,4.0,0.5,0.2,0.2,17,0,0,0,a,0.0,0.0,0.0
309,Marcelino Núñez,Núñez,Ipswich Town,MID,5.0,0.1,1.5,1.5,140,0,0,0,a,0.03,0.05,0.08
310,Azor Matusiwa,Matusiwa,Ipswich Town,MID,4.9,0.0,0.0,0.0,0,0,0,0,a,0.0,0.0,0.0
311,Wes Burns,Burns,Ipswich Town,MID,5.0,0.0,0.0,0.0,0,0,0,0,u,0.0,0.0,0.0
312,Jack Taylor,Taylor,Ipswich Town,MID,4.5,0.0,0.0,0.0,0,0,0,0,i,0.0,0.0,0.0
313,Jack Clarke,Clarke,Ipswich Town,MID,5.4,0.2,2.2,2.2,105,1,0,0,a,0.3,0.04,0.34
314,Chiedozie Ogbene,Ogbene,Ipswich Town,MID,4.9,0.0,0.0,0.0,0,0,0,0,u,0.0,0.0,0.0
315,Abdul Fatawu,Fatawu,Ipswich Town,MID,5.5,0.2,2.2,2.2,286,0,1,0,a,0.03,0.83,0.86
316,Emersonn Correia da Silva,Emersonn,Ipswich Town,FWD,5.5,2.3,6.0,6.0,237,2,1,0,a,1.48,0.11,1.59
317,George Hirst,Hirst,Ipswich Town,FWD,5.0,0.1,0.0,0.0,0,0,0,0,u,0.0,0.0,0.0
318,Jaden Philogene,Philogene,Ipswich Town,MID,5.4,0.1,0.2,0.2,28,0,0,0,a,0.02,0.0,0.01
319,Sam Szmodics,Szmodics,Ipswich Town,MID,5.0,0.0,0.0,0.0,0,0,0,0,u,0.0,0.0,0.0
320,Chuba Akpom,Akpom,Ipswich Town,FWD,5.0,1.2,1.5,1.5,69,1,0,0,a,0.97,0.0,0.97
321,Sindre Walle Egeli,Walle Egeli,Ipswich Town,FWD,4.5,3.6,0.2,0.2,10,0,0,0,a,0.0,0.0,0.0
322,Ali Al-Hamadi,Al-Hamadi,Ipswich Town,FWD,5.0,0.1,0.0,0.0,0,0,0,0,u,0.0,0.0,0.0
323,Kasey McAteer,McAteer,Ipswich Town,MID,4.5,1.2,0.8,0.8,42,0,0,0,a,0.05,0.0,0.05
324,Anis Mehmeti,Mehmeti,Ipswich Town,MID,4.9,0.0,0.0,0.0,0,0,0,0,a,0.0,0.0,0.0
554,Kayne van Oevelen,Van Oevelen,Ipswich Town,GK,4.5,0.0,0.0,0.0,0,0,0,0,u,0.0,0.0,0.0
562,Daizen Maeda,Maeda,Ipswich Town,MID,5.4,0.3,1.8,1.8,243,0,0,0,a,0.71,0.01,0.72
564,Kjell Scherpen,Scherpen,Ipswich Town,GK,4.5,0.6,1.8,1.8,360,0,0,0,a,0.0,0.01,0.01
571,Florentino Ibrain Morris Luís,Florentino,Ipswich Town,MID,4.9,0.1,0.2,0.2,13,0,0,0,a,0.0,0.01,0.01
591,Julio Enciso,Enciso,Ipswich Town,MID,5.5,0.9,3.2,3.2,340,0,2,0,a,0.92,0.84,1.76
592,Abdoul Ouattara,Ouattara,Ipswich Town,DEF,4.0,0.9,1.0,1.0,41,0,0,0,a,0.0,0.02,0.02
602,Cameron Humphreys,Humphreys,Ipswich Town,MID,4.5,0.0,0.0,0.0,0,0,0,0,u,0.0,0.0,0.0
619,Exequiel Palacios,Palacios,Ipswich Town,MID,5.0,0.0,3.0,3.0,195,0,0,0,a,0.0,0.07,0.07
640,Zian Flemming,Flemming,Ipswich Town,FWD,5.5,0.1,3.0,3.0,51,1,0,0,a,0.54,0.01,0.55
260,Harry Wilson,Wilson,Leeds,MID,6.3,2.6,1.0,1.0,127,0,0,1,a,0.01,0.06,0.07
326,Lucas Estella Perri,Perri,Leeds,GK,4.5,0.4,0.0,0.0,0,0,0,0,u,0.0,0.0,0.0
327,Jaka Bijol,Bijol,Leeds,DEF,5.0,0.8,3.0,3.0,164,0,0,1,a,0.11,0.0,0.11
329,Joe Rodon,Rodon,Leeds,DEF,4.4,1.1,1.8,0.0,123,0,0,1,i,0.03,0.06,0.09
330,Jayden Bogle,Bogle,Leeds,DEF,4.5,2.1,5.5,5.5,217,1,0,2,a,0.9,0.03,0.93
331,Gabriel Gudmundsson,Gudmundsson,Leeds,DEF,4.5,0.1,0.5,0.5,90,0,0,0,a,0.0,0.0,0.0
332,James Justin,Justin,Leeds,DEF,4.5,1.5,4.0,4.0,270,0,0,1,a,0.17,0.02,0.19
333,Sebastiaan Bornauw,Bornauw,Leeds,DEF,4.5,0.0,0.0,0.0,0,0,0,0,u,0.0,0.0,0.0
334,Tarik Muharemović,Muharemović,Leeds,DEF,5.0,3.9,3.5,3.5,270,0,0,1,a,0.09,0.02,0.11
335,Anton Stach,Stach,Leeds,MID,6.0,2.7,4.8,4.8,270,1,0,1,a,0.49,0.16,0.65
336,Noah Okafor,Okafor,Leeds,MID,5.8,0.3,1.5,1.5,153,0,0,1,a,0.08,0.18,0.26
337,Brenden Aaronson,Aaronson,Leeds,MID,5.4,0.6,1.2,1.2,154,0,0,1,a,0.01,0.02,0.03
338,Ethan Ampadu,Ampadu,Leeds,MID,5.4,1.0,2.2,2.2,270,0,0,1,a,0.01,0.14,0.15
339,Sean Longstaff,Longstaff,Leeds,MID,4.9,0.1,0.2,0.2,8,0,0,0,a,0.0,0.0,0.0
341,Wilfried Gnonto,Gnonto,Leeds,MID,5.0,0.0,0.0,0.0,0,0,0,0,u,0.0,0.0,0.0
342,Jack Harrison,Harrison,Leeds,MID,5.0,0.0,0.0,0.0,0,0,0,0,u,0.0,0.0,0.0
343,Daniel James,James,Leeds,MID,4.9,0.1,0.2,0.2,22,0,0,0,a,0.24,0.01,0.25
344,Ilia Gruev,Gruev,Leeds,MID,5.0,0.0,0.0,0.0,0,0,0,0,d,0.0,0.0,0.0
345,Tanaka Ao,Tanaka,Leeds,MID,4.9,0.2,1.5,1.5,117,0,1,0,a,0.53,0.02,0.55
346,Dominic Calvert-Lewin,Calvert-Lewin,Leeds,FWD,6.0,21.7,2.5,2.5,252,1,0,1,a,1.61,0.08,1.69
347,Lukas Nmecha,Nmecha,Leeds,FWD,5.4,0.5,1.2,1.2,38,0,1,0,a,0.27,0.14,0.41
348,Joël Piroe,Piroe,Leeds,FWD,5.0,0.1,0.0,0.0,0,0,0,0,u,0.0,0.0,0.0
349,Mateo Joseph Fernández-Regatillo,Mateo Joseph,Leeds,FWD,4.5,0.1,0.0,0.0,0,0,0,0,i,0.0,0.0,0.0
385,James Trafford,Trafford,Leeds,GK,5.0,5.4,3.8,3.8,270,0,0,1,a,0.0,0.0,0.0
598,Nico Elvedi,Elvedi,Leeds,DEF,4.5,0.0,1.2,1.2,146,0,0,0,a,0.0,0.57,0.57
603,Jayden Lienou,Lienou,Leeds,DEF,4.0,0.1,0.0,0.0,0,0,0,0,a,0.0,0.0,0.0
604,Alfie Cresswell,Cresswell,Leeds,MID,4.5,0.1,0.0,0.0,0,0,0,0,a,0.0,0.0,0.0
625,Alex Cairns,Cairns,Leeds,GK,4.0,0.2,0.0,0.0,0,0,0,0,a,0.0,0.0,0.0
629,Michael Zetterer,Zetterer,Leeds,GK,4.0,0.5,0.0,0.0,0,0,0,0,a,0.0,0.0,0.0
641,Melvin Bard,Bard,Leeds,DEF,4.5,0.0,0.0,0.0,0,0,0,0,a,0.0,0.0,0.0
648,Jean-Mattéo Bahoya,Bahoya,Leeds,MID,5.0,0.0,0.0,0.0,0,0,0,0,a,0.0,0.0,0.0
350,Alisson Becker,A.Becker,Liverpool,GK,5.5,3.9,4.8,4.8,360,0,0,2,a,0.0,0.0,0.0
351,Giorgi Mamardashvili,Mamardashvili,Liverpool,GK,4.9,0.1,0.0,0.0,0,0,0,0,a,0.0,0.0,0.0
352,Freddie Woodman,Woodman,Liverpool,GK,4.0,1.0,0.0,0.0,0,0,0,0,a,0.0,0.0,0.0
353,Armin Pecsi,Pecsi,Liverpool,GK,4.0,0.0,0.0,0.0,0,0,0,0,u,0.0,0.0,0.0
354,Vitezslav Jaros,Jaros,Liverpool,GK,4.0,0.0,0.0,0.0,0,0,0,0,i,0.0,0.0,0.0
355,Harvey Davies,Davies,Liverpool,GK,4.0,0.2,0.0,0.0,0,0,0,0,a,0.0,0.0,0.0
356,Virgil van Dijk,Virgil,Liverpool,DEF,6.5,16.8,4.2,4.2,360,0,0,2,a,0.25,0.07,0.32
357,Jeremie Frimpong,Frimpong,Liverpool,DEF,5.4,2.1,0.5,0.5,178,0,0,0,a,0.01,0.23,0.24
358,Milos Kerkez,Kerkez,Liverpool,DEF,5.4,2.5,1.8,1.8,295,0,0,1,a,0.02,0.07,0.09
359,Joe Gomez,Gomez,Liverpool,DEF,4.9,0.0,0.0,0.0,0,0,0,0,i,0.0,0.0,0.0
360,Conor Bradley,Bradley,Liverpool,DEF,5.0,0.0,0.0,0.0,0,0,0,0,i,0.0,0.0,0.0
361,Wellity Lucky,Lucky,Liverpool,DEF,4.0,0.1,0.0,0.0,0,0,0,0,a,0.0,0.0,0.0
362,Jeremy Jacquet,Jacquet,Liverpool,DEF,5.0,3.0,4.5,4.5,325,0,0,2,a,0.0,0.12,0.12
363,Giovanni Leoni,Leoni,Liverpool,DEF,4.0,0.0,0.0,0.0,0,0,0,0,i,0.0,0.0,0.0
364,Kostas Tsimikas,Tsimikas,Liverpool,DEF,4.9,0.1,0.5,0.5,64,0,0,0,a,0.04,0.02,0.06
365,Calvin Ramsay,Ramsay,Liverpool,DEF,4.0,0.1,0.0,0.0,0,0,0,0,u,0.0,0.0,0.0
366,Florian Wirtz,Wirtz,Liverpool,MID,7.4,7.3,3.0,3.0,332,0,1,2,a,0.78,0.35,1.13
367,Cody Gakpo,Gakpo,Liverpool,MID,7.2,12.2,7.2,7.2,280,1,3,1,a,0.44,1.22,1.66
368,Dominik Szoboszlai,Szoboszlai,Liverpool,MID,7.0,37.2,4.5,4.5,360,1,0,2,a,1.29,0.8,2.09
369,Rio Ngumoha,Ngumoha,Liverpool,MID,5.8,0.5,1.0,1.0,99,0,0,0,a,0.15,0.05,0.2
370,Federico Chiesa,Chiesa,Liverpool,MID,5.4,0.1,0.0,0.0,0,0,0,0,i,0.0,0.0,0.0
371,Ryan Gravenberch,Gravenberch,Liverpool,MID,5.9,1.3,2.0,2.0,181,0,1,0,a,0.1,0.07,0.17
372,Alexis Mac Allister,Mac Allister,Liverpool,MID,5.4,1.3,1.5,1.5,216,0,0,1,a,0.1,0.44,0.54
373,Curtis Jones,C.Jones,Liverpool,MID,5.5,0.0,0.0,0.0,0,0,0,0,u,0.0,0.0,0.0
374,Endo Wataru,Endo,Liverpool,MID,4.9,0.1,0.0,0.0,0,0,0,0,a,0.0,0.0,0.0
375,Trey Nyoni,Nyoni,Liverpool,MID,4.9,0.0,0.5,0.5,19,0,0,0,a,0.0,0.0,0.0
376,Stefan Bajčetić Maquieira,Bajcetic,Liverpool,MID,5.0,0.0,0.0,0.0,0,0,0,0,u,0.0,0.0,0.0
377,Victor Munoz,Munoz,Liverpool,MID,6.5,1.1,3.5,3.5,239,1,1,1,a,0.52,0.25,0.77
378,James McConnell,McConnell,Liverpool,MID,4.5,0.2,0.0,0.0,0,0,0,0,a,0.0,0.0,0.0
379,Alexander Isak,Isak,Liverpool,FWD,9.1,22.4,6.2,6.2,333,3,0,2,a,2.79,0.06,2.85
380,Hugo Ekitiké,Ekitiké,Liverpool,FWD,7.4,0.1,0.0,0.0,0,0,0,0,i,0.0,0.0,0.0
381,Lewis Koumas,Koumas,Liverpool,MID,5.0,0.0,0.5,0.5,13,0,0,0,a,0.03,0.0,0.03
382,Jayden Danns,Danns,Liverpool,FWD,4.5,0.1,0.0,0.0,0,0,0,0,a,0.0,0.0,0.0
383,Harvey Elliott,Elliott,Liverpool,MID,5.4,0.0,0.0,0.0,0,0,0,0,u,0.0,0.0,0.0
579,Ronald Araujo,Araujo,Liverpool,DEF,5.4,2.8,3.8,3.8,194,0,0,2,a,0.0,0.05,0.05
627,Bradley Barcola,Barcola,Liverpool,MID,8.0,2.0,2.0,2.0,97,0,0,1,a,0.21,0.1,0.31
155,Enzo Fernández,Enzo,Manchester City,MID,6.9,3.3,1.5,1.5,181,0,0,2,a,0.31,0.27,0.58
237,Iliman Ndiaye,Ndiaye,Manchester City,MID,5.9,8.3,4.2,4.2,311,0,1,2,a,0.28,0.44,0.72
384,Gianluigi Donnarumma,Donnarumma,Manchester City,GK,5.5,7.6,4.2,4.2,360,0,0,2,a,0.0,0.0,0.0
386,Marcus Bettinelli,Bettinelli,Manchester City,GK,4.5,0.0,0.0,0.0,0,0,0,0,a,0.0,0.0,0.0
387,Nico O'Reilly,O'Reilly,Manchester City,DEF,6.4,12.8,1.2,1.2,158,0,0,0,a,0.09,0.43,0.52
388,Marc Guéhi,Guéhi,Manchester City,DEF,6.0,18.5,6.5,6.5,360,1,0,2,a,0.89,0.38,1.27
389,Matheus Nunes,Matheus N.,Manchester City,DEF,5.9,0.9,2.5,2.5,123,0,0,1,a,0.0,0.05,0.05
390,Rúben dos Santos Gato Alves Dias,Rúben,Manchester City,DEF,5.5,1.8,4.0,4.0,360,0,0,2,a,0.09,0.74,0.83
391,Joško Gvardiol,Gvardiol,Manchester City,DEF,5.7,21.6,8.2,8.2,344,1,2,2,a,0.22,0.11,0.33
392,Rayan Aït-Nouri,Aït-Nouri,Manchester City,DEF,5.3,0.4,0.0,0.0,0,0,0,0,a,0.0,0.0,0.0
393,Abdukodir Khusanov,Khusanov,Manchester City,DEF,5.5,1.5,2.2,2.2,268,0,0,1,a,0.0,0.06,0.06
394,Max Alleyne,Alleyne,Manchester City,DEF,5.0,0.0,0.0,0.0,0,0,0,0,u,0.0,0.0,0.0
395,Rico Lewis,Lewis,Manchester City,DEF,4.4,0.2,0.2,0.2,56,0,0,0,a,0.17,0.02,0.19
396,Vitor de Oliveira Nunes dos Reis,Vitor Reis,Manchester City,DEF,4.5,0.0,0.2,0.2,1,0,0,0,a,0.0,0.0,0.0
397,Antoine Semenyo,Semenyo,Manchester City,MID,8.4,15.8,4.0,4.0,360,0,2,2,a,0.17,0.99,1.16
398,Phil Foden,Foden,Manchester City,MID,7.0,3.4,2.2,0.0,217,0,2,0,s,1.61,0.88,2.49
399,Rayan Cherki,Cherki,Manchester City,MID,7.8,28.9,6.5,6.5,218,2,2,1,a,0.59,1.41,2.0
400,Jérémy Doku,Doku,Manchester City,MID,7.4,0.7,0.0,0.0,0,0,0,0,i,0.0,0.0,0.0
402,Rodrigo 'Rodri' Hernandez Cascante,Rodrigo,Manchester City,MID,6.5,0.0,0.0,0.0,0,0,0,0,u,0.0,0.0,0.0
404,Tijjani Reijnders,Reijnders,Manchester City,MID,6.0,0.0,0.0,0.0,0,0,0,0,u,0.0,0.0,0.0
406,Mateo Kovačić,Kovačić,Manchester City,MID,5.4,0.1,0.5,0.5,42,0,0,0,a,0.0,0.02,0.02
407,Claudio Echeverri,Echeverri,Manchester City,MID,4.9,0.0,0.0,0.0,0,0,0,0,u,0.0,0.0,0.0
408,Kalvin Phillips,Phillips,Manchester City,MID,5.0,0.0,0.0,0.0,0,0,0,0,u,0.0,0.0,0.0
409,Divine Mukasa,Mukasa,Manchester City,MID,4.5,0.1,0.0,0.0,0,0,0,0,u,0.0,0.0,0.0
410,Jeremy Monga,Monga,Manchester City,MID,4.9,0.0,0.0,0.0,0,0,0,0,u,0.0,0.0,0.0
411,Erling Haaland,Haaland,Manchester City,FWD,15.5,72.0,8.2,8.2,360,4,0,2,a,3.33,0.51,3.84
481,Elliot Anderson,Anderson,Manchester City,MID,6.3,4.2,3.2,3.2,323,0,0,2,a,0.09,0.65,0.74
587,Gerónimo Rulli,Rulli,Manchester City,GK,5.0,0.0,0.0,0.0,0,0,0,0,a,0.0,0.0,0.0
616,Ayyoub Bouaddi,Bouaddi,Manchester City,MID,5.5,0.2,0.7,0.7,22,0,0,0,a,0.0,0.12,0.12
621,Ryan McAidoo,McAidoo,Manchester City,MID,4.5,0.1,0.7,0.7,11,0,0,0,a,0.1,0.0,0.1
622,Kaden Braithwaite,Braithwaite,Manchester City,DEF,4.0,0.2,0.3,0.3,1,0,0,0,a,0.0,0.0,0.0
628,Allan Andrade Elias,Allan,Manchester City,MID,6.0,0.0,0.0,0.0,0,0,0,0,a,0.0,0.0,0.0
653,Floyd Samba,Samba,Manchester City,MID,4.5,0.0,0.0,0.0,0,0,0,0,a,0.0,0.0,0.0
43,Youri Tielemans,Tielemans,Manchester United,MID,5.9,1.6,2.5,2.5,312,0,0,0,a,0.56,0.32,0.88
131,Carlos Baleba,Baleba,Manchester United,MID,4.9,0.1,0.0,0.0,0,0,0,0,i,0.0,0.0,0.0
162,Andrey Nascimento dos Santos,Andrey Santos,Manchester United,MID,4.8,0.7,1.0,1.0,82,0,0,0,a,0.0,0.24,0.24
325,Karl Darlow,Darlow,Manchester United,GK,4.5,0.0,0.0,0.0,0,0,0,0,a,0.0,0.0,0.0
412,Senne Lammens,Lammens,Manchester United,GK,4.9,11.1,1.8,1.8,360,0,0,0,a,0.0,0.0,0.0
413,Altay Bayındır,Bayindir,Manchester United,GK,4.5,0.0,0.0,0.0,0,0,0,0,u,0.0,0.0,0.0
414,Tom Heaton,Heaton,Manchester United,GK,4.0,0.1,0.0,0.0,0,0,0,0,i,0.0,0.0,0.0
415,Patrick Dorgu,Dorgu,Manchester United,MID,5.8,0.6,1.5,1.5,165,0,0,0,a,0.65,0.08,0.73
416,Matthijs de Ligt,De Ligt,Manchester United,DEF,5.0,0.0,0.0,0.0,0,0,0,0,i,0.0,0.0,0.0
417,Diogo Dalot Teixeira,Dalot,Manchester United,DEF,4.9,1.8,1.5,1.5,256,0,0,0,a,0.18,0.18,0.36
418,Harry Maguire,Maguire,Manchester United,DEF,4.9,10.4,2.0,2.0,360,0,1,0,a,0.19,0.43,0.62
419,Lisandro Martínez,Martinez,Manchester United,DEF,5.0,1.3,1.5,1.5,270,0,0,0,a,0.06,0.14,0.2
420,Leny Yoro,Yoro,Manchester United,DEF,4.9,0.5,0.5,0.5,22,0,0,0,a,0.0,0.02,0.02
421,Ayden Heaven,Heaven,Manchester United,DEF,4.4,0.3,0.2,0.2,90,0,0,0,a,0.12,0.04,0.16
422,Noussair Mazraoui,Mazraoui,Manchester United,DEF,4.4,0.6,0.8,0.8,97,0,0,0,a,0.22,0.06,0.28
423,Luke Shaw,Shaw,Manchester United,DEF,4.4,11.0,1.8,1.4,252,0,1,0,d,0.02,0.51,0.53
424,Harry Amass,Amass,Manchester United,DEF,4.0,0.2,0.0,0.0,0,0,0,0,a,0.0,0.0,0.0
425,Tyler Fredricson,Fredricson,Manchester United,DEF,4.0,0.0,0.0,0.0,0,0,0,0,u,0.0,0.0,0.0
426,Bruno Borges Fernandes,B.Fernandes,Manchester United,MID,12.0,42.3,7.2,7.2,360,3,1,0,a,2.28,1.13,3.41
427,Bryan Mbeumo,Mbeumo,Manchester United,MID,7.9,23.3,5.8,5.8,360,2,1,0,a,2.8,0.55,3.35
428,Matheus Santos Carneiro da Cunha,Cunha,Manchester United,MID,7.9,6.3,4.0,4.0,317,0,2,1,a,0.58,0.44,1.02
429,Marcus Rashford,Rashford,Manchester United,MID,7.0,1.6,2.0,2.0,275,0,0,1,a,0.38,0.29,0.67
430,Mason Mount,Mount,Manchester United,MID,5.4,0.0,0.0,0.0,0,0,0,0,a,0.0,0.0,0.0
431,Amad Diallo,Amad,Manchester United,MID,5.8,0.3,0.0,0.0,0,0,0,0,i,0.0,0.0,0.0
432,Kobbie Mainoo,Mainoo,Manchester United,MID,5.5,1.5,4.5,4.5,275,0,1,0,a,0.24,0.42,0.66
433,Manuel Ugarte Ribeiro,Ugarte,Manchester United,MID,5.0,0.0,0.0,0.0,0,0,0,0,i,0.0,0.0,0.0
434,Jack Fletcher,J.Fletcher,Manchester United,MID,4.9,0.0,0.0,0.0,0,0,0,0,a,0.0,0.0,0.0
435,Shea Lacey,Lacey,Manchester United,MID,4.9,0.1,0.2,0.2,10,0,0,0,a,0.0,0.0,0.0
436,Toby Collyer,Collyer,Manchester United,MID,5.0,0.0,0.0,0.0,0,0,0,0,u,0.0,0.0,0.0
437,Bendito Mantato,Bendito Mantato,Manchester United,MID,4.5,0.2,0.0,0.0,0,0,0,0,a,0.0,0.0,0.0
438,Tyler Fletcher,Fletcher,Manchester United,MID,4.5,0.3,0.0,0.0,0,0,0,0,a,0.0,0.0,0.0
439,Benjamin Sesko,Šeško,Manchester United,FWD,7.0,1.8,2.0,2.0,76,1,0,0,a,0.39,0.01,0.4
440,Joshua Zirkzee,Zirkzee,Manchester United,FWD,5.4,0.4,0.2,0.2,7,0,0,0,a,0.0,0.01,0.01
441,Chido Obi,Obi,Manchester United,FWD,4.5,1.2,0.0,0.0,0,0,0,0,a,0.0,0.0,0.0
405,Nico González Iglesias,N.Gonzalez,Newcastle United,MID,5.5,0.3,1.0,1.0,146,0,0,1,a,0.0,0.21,0.21
442,Nick Pope,Pope,Newcastle United,GK,4.9,1.0,0.0,0.0,0,0,0,0,a,0.0,0.0,0.0
443,Mark Gillespie,Gillespie,Newcastle United,GK,4.5,0.0,0.0,0.0,0,0,0,0,a,0.0,0.0,0.0
444,Ewen Jaouen,Jaouen,Newcastle United,GK,4.5,0.0,0.0,0.0,0,0,0,0,d,0.0,0.0,0.0
445,Malick Thiaw,Thiaw,Newcastle United,DEF,5.0,2.2,2.0,2.0,270,0,0,1,a,0.0,0.07,0.07
446,Fabian Schär,Schär,Newcastle United,DEF,5.0,0.2,0.2,0.2,1,0,0,0,a,0.0,0.0,0.0
447,Sven Botman,Botman,Newcastle United,DEF,5.0,0.7,2.2,2.2,270,0,0,1,a,0.01,0.17,0.18
448,Dan Burn,Burn,Newcastle United,DEF,4.9,0.9,0.0,0.0,0,0,0,0,i,0.0,0.0,0.0
449,Lewis Hall,Hall,Newcastle United,DEF,5.2,14.5,4.5,4.5,269,0,1,1,a,0.04,0.67,0.71
450,Tino Livramento,Livramento,Newcastle United,DEF,4.9,0.1,0.2,0.2,1,0,0,0,a,0.0,0.0,0.0
451,Alex Murphy,A.Murphy,Newcastle United,DEF,4.0,0.1,0.0,0.0,0,0,0,0,u,0.0,0.0,0.0
453,Harvey Barnes,Barnes,Newcastle United,MID,6.0,2.8,4.2,4.2,270,1,1,1,a,0.22,0.06,0.28
454,Anthony Elanga,Elanga,Newcastle United,MID,6.2,11.5,4.5,4.5,232,2,0,1,a,0.42,0.34,0.76
456,Jacob Ramsey,J.Ramsey,Newcastle United,MID,4.9,0.4,1.8,1.8,69,1,0,0,a,0.17,0.16,0.33
457,Jacob Murphy,J.Murphy,Newcastle United,MID,5.9,0.1,0.5,0.5,35,0,0,0,a,0.0,0.2,0.2
458,Joelinton Cássio Apolinário de Lira,Joelinton,Newcastle United,MID,5.4,0.0,0.0,0.0,0,0,0,0,i,0.0,0.0,0.0
459,Lewis Miley,L.Miley,Newcastle United,MID,5.5,0.1,2.0,2.0,227,0,0,1,a,0.05,0.07,0.12
460,Joe Willock,Willock,Newcastle United,MID,5.0,0.5,2.8,2.8,166,1,0,1,a,0.52,0.2,0.72
461,Bazoumana Touré,Touré,Newcastle United,MID,5.8,0.1,0.2,0.2,1,0,0,0,a,0.0,0.0,0.0
462,Sean Steur,Steur,Newcastle United,MID,4.9,0.1,0.8,0.8,87,0,0,0,a,0.0,0.0,0.0
463,Nick Woltemade,Woltemade,Newcastle United,FWD,5.9,0.6,1.0,0.0,19,0,1,0,u,0.02,0.01,0.03
464,Yoane Wissa,Wissa,Newcastle United,FWD,6.2,18.6,3.2,3.2,261,1,1,1,a,1.35,0.05,1.4
465,William Osula,Osula,Newcastle United,FWD,5.9,0.4,1.0,0.0,55,0,1,0,i,0.06,0.14,0.2
466,Sean Neave,Neave,Newcastle United,FWD,4.5,0.6,0.0,0.0,0,0,0,0,u,0.0,0.0,0.0
559,Aladji Bamba,Bamba,Newcastle United,MID,4.9,0.1,0.2,0.2,14,0,0,0,a,0.0,0.0,0.0
567,Lukás Hornícek,Horníček,Newcastle United,GK,5.0,1.5,2.5,2.5,270,0,0,1,a,0.0,0.0,0.0
593,Amar Dedic,Dedić,Newcastle United,DEF,4.5,2.9,3.2,2.4,270,0,1,1,d,0.14,0.08,0.22
609,Leo Shahar,Shahar,Newcastle United,DEF,4.0,0.2,0.0,0.0,0,0,0,0,u,0.0,0.0,0.0
634,Matias Fernandez-Pardo,Fernandez-Pardo,Newcastle United,FWD,6.0,0.1,0.5,0.5,27,0,0,0,a,0.0,0.0,0.0
167,Liam Delap,Delap,Nottingham Forest,FWD,5.5,1.2,2.0,2.0,187,1,0,1,a,0.76,0.14,0.9
201,Daniel Muñoz Mejía,Muñoz,Nottingham Forest,DEF,5.4,5.5,0.8,0.8,175,0,0,0,a,0.48,0.19,0.67
467,Matz Sels,Sels,Nottingham Forest,GK,5.0,1.5,3.0,3.0,360,0,0,1,a,0.0,0.01,0.01
468,John Victor Maciel Furtado,John,Nottingham Forest,GK,4.5,0.1,0.0,0.0,0,0,0,0,a,0.0,0.0,0.0
469,Neco Williams,N.Williams,Nottingham Forest,DEF,5.0,8.3,4.2,4.2,360,0,1,1,a,0.32,0.4,0.72
470,Felipe Rodrigues da Silva,Morato,Nottingham Forest,DEF,5.0,0.0,0.0,0.0,0,0,0,0,u,0.0,0.0,0.0
471,Nikola Milenković,Milenković,Nottingham Forest,DEF,5.5,1.5,3.0,2.2,270,0,0,1,d,0.11,0.03,0.14
472,Murillo Costa dos Santos,Murillo,Nottingham Forest,DEF,5.5,1.8,4.8,4.8,359,0,1,1,a,0.35,0.29,0.64
473,Ola Aina,Aina,Nottingham Forest,DEF,4.5,2.6,2.0,2.0,306,0,0,1,a,0.04,0.53,0.57
474,Jair Paula da Cunha Filho,Jair Cunha,Nottingham Forest,DEF,4.5,0.2,2.5,1.9,270,0,0,1,d,0.03,0.01,0.04
475,Nicolò Savona,Savona,Nottingham Forest,DEF,4.5,0.0,0.0,0.0,0,0,0,0,i,0.0,0.0,0.0
476,Omar Richards,O.Richards,Nottingham Forest,DEF,4.0,0.2,0.0,0.0,0,0,0,0,a,0.0,0.0,0.0
477,Zach Abbott,Abbott,Nottingham Forest,DEF,4.0,0.2,0.0,0.0,0,0,0,0,u,0.0,0.0,0.0
478,Luca Netz,Netz,Nottingham Forest,DEF,4.4,0.0,0.5,0.5,20,0,0,0,a,0.0,0.0,0.0
479,Tyler Bindon,Bindon,Nottingham Forest,DEF,4.0,0.1,0.0,0.0,0,0,0,0,u,0.0,0.0,0.0
480,Morgan Gibbs-White,Gibbs-White,Nottingham Forest,MID,7.9,10.5,6.5,6.5,360,1,2,1,a,1.56,1.02,2.58
482,Callum Hudson-Odoi,Hudson-Odoi,Nottingham Forest,MID,5.8,0.2,0.2,0.2,1,0,0,0,a,0.0,0.0,0.0
483,Dan Ndoye,Ndoye,Nottingham Forest,MID,5.5,0.7,3.5,3.5,258,1,0,1,a,1.05,0.88,1.93
484,Omari Hutchinson,Hutchinson,Nottingham Forest,MID,5.4,0.1,0.0,0.0,0,0,0,0,u,0.0,0.0,0.0
485,Dilane Bakwa,Bakwa,Nottingham Forest,MID,5.5,0.0,0.0,0.0,0,0,0,0,u,0.0,0.0,0.0
486,James McAtee,McAtee,Nottingham Forest,MID,5.5,0.1,2.5,2.5,334,0,0,2,a,0.16,0.92,1.08
487,Nicolás Domínguez,Dominguez,Nottingham Forest,MID,4.9,0.1,0.2,0.2,1,0,0,0,a,0.0,0.0,0.0
488,Ibrahim Sangaré,I.Sangaré,Nottingham Forest,MID,4.9,0.5,0.8,0.8,98,0,0,0,a,0.09,0.02,0.11
489,Ryan Yates,Yates,Nottingham Forest,MID,4.5,1.3,0.0,0.0,0,0,0,0,a,0.0,0.0,0.0
490,Chris Wood,Wood,Nottingham Forest,FWD,5.8,1.0,0.8,0.8,45,0,0,0,a,0.12,0.01,0.13
491,Igor Jesus Maciel da Cruz,Igor Jesus,Nottingham Forest,FWD,5.8,2.5,2.8,2.8,226,1,0,0,a,1.09,0.07,1.16
493,Arnaud Kalimuendo,Kalimuendo,Nottingham Forest,FWD,5.4,0.1,0.2,0.2,1,0,0,0,a,0.0,0.0,0.0
558,Xaver Schlager,Schlager,Nottingham Forest,MID,5.0,0.1,2.8,2.8,286,0,0,1,a,0.14,0.08,0.22
581,Ousmane Diomande,Diomande,Nottingham Forest,DEF,5.4,0.5,1.2,1.2,91,0,0,0,a,0.11,0.0,0.11
590,Steven Benda,Benda,Nottingham Forest,GK,4.5,0.1,0.0,0.0,0,0,0,0,a,0.0,0.0,0.0
112,Jan Paul van Hecke,Van Hecke,Tottenham Hotspur,DEF,4.9,6.8,4.5,4.5,360,0,0,2,a,0.34,0.12,0.46
147,Tosin Adarabioyo,Tosin,Tottenham Hotspur,DEF,4.4,0.2,0.2,0.2,5,0,0,0,a,0.0,0.0,0.0
401,Omar Marmoush,Marmoush,Tottenham Hotspur,FWD,7.0,2.2,1.5,1.5,249,0,0,2,a,0.36,0.11,0.47
403,Sávio Moreira de Oliveira,Sávio,Tottenham Hotspur,MID,6.5,0.7,1.5,1.5,150,0,0,2,a,0.12,0.53,0.65
455,Sandro Tonali,Tonali,Tottenham Hotspur,MID,5.4,2.4,3.0,3.0,344,0,0,2,a,0.18,0.4,0.58
494,Guglielmo Vicario,Vicario,Tottenham Hotspur,GK,4.5,0.1,0.0,0.0,0,0,0,0,u,0.0,0.0,0.0
495,Brandon Austin,Austin,Tottenham Hotspur,GK,4.0,1.0,0.0,0.0,0,0,0,0,a,0.0,0.0,0.0
496,Antonín Kinský,Kinsky,Tottenham Hotspur,GK,4.5,18.5,4.0,4.0,360,0,0,2,a,0.0,0.0,0.0
497,Martin Dubravka,Dubravka,Tottenham Hotspur,GK,4.0,17.7,0.0,0.0,0,0,0,0,a,0.0,0.0,0.0
498,Marcos Senesi Barón,Senesi,Tottenham Hotspur,DEF,5.8,4.2,0.8,0.8,90,0,0,0,a,0.0,0.02,0.02
499,Pedro Porro Sauceda,Pedro Porro,Tottenham Hotspur,DEF,5.5,9.8,2.0,1.5,180,0,0,1,d,0.36,0.16,0.52
500,Cristian Romero,Romero,Tottenham Hotspur,DEF,5.0,0.1,0.0,0.0,0,0,0,0,u,0.0,0.0,0.0
502,Andrew Robertson,Robertson,Tottenham Hotspur,DEF,4.4,2.7,3.2,3.2,276,0,0,1,a,0.13,0.17,0.3
503,Micky van de Ven,Van de Ven,Tottenham Hotspur,DEF,5.0,3.9,3.8,3.8,270,0,0,2,a,0.57,0.04,0.61
505,Djed Spence,Spence,Tottenham Hotspur,DEF,4.5,0.3,0.0,0.0,0,0,0,0,u,0.0,0.0,0.0
506,Destiny Udogie,Udogie,Tottenham Hotspur,DEF,4.5,0.4,1.8,1.4,86,0,0,1,d,0.0,0.23,0.23
507,Ashley Phillips,Phillips,Tottenham Hotspur,DEF,4.5,0.0,0.0,0.0,0,0,0,0,u,0.0,0.0,0.0
508,Ben Davies,Davies,Tottenham Hotspur,DEF,4.0,0.9,0.0,0.0,0,0,0,0,a,0.0,0.0,0.0
509,Jun'ai Byfield,Byfield,Tottenham Hotspur,DEF,4.0,0.1,0.0,0.0,0,0,0,0,a,0.0,0.0,0.0
510,James Rowswell,Rowswell,Tottenham Hotspur,DEF,4.0,0.1,0.0,0.0,0,0,0,0,a,0.0,0.0,0.0
511,João Victor de Souza Menezes,Souza,Tottenham Hotspur,DEF,4.0,0.2,0.0,0.0,0,0,0,0,u,0.0,0.0,0.0
512,Mohammed Kudus,Kudus,Tottenham Hotspur,MID,6.5,0.1,0.8,0.8,78,0,0,0,a,0.04,0.22,0.26
513,Xavi Simons,Xavi,Tottenham Hotspur,MID,5.9,0.0,0.0,0.0,0,0,0,0,i,0.0,0.0,0.0
514,Mathys Tel,Tel,Tottenham Hotspur,MID,5.8,0.2,2.0,2.0,257,0,0,1,a,0.21,0.23,0.44
515,James Maddison,Maddison,Tottenham Hotspur,MID,6.3,0.4,0.5,0.5,35,0,0,0,a,0.0,0.02,0.02
516,Rodrigo Bentancur,Bentancur,Tottenham Hotspur,MID,5.5,0.2,2.8,2.8,287,0,0,2,a,0.02,0.08,0.1
517,Wilson Odobert,Odobert,Tottenham Hotspur,MID,5.5,0.0,0.0,0.0,0,0,0,0,i,0.0,0.0,0.0
518,Pape Matar Sarr,P.M.Sarr,Tottenham Hotspur,MID,4.9,0.1,0.0,0.0,0,0,0,0,u,0.0,0.0,0.0
519,Conor Gallagher,Gallagher,Tottenham Hotspur,MID,5.4,0.2,0.8,0.8,128,0,0,1,a,0.02,0.12,0.14
520,Lucas Bergvall,Bergvall,Tottenham Hotspur,MID,5.4,0.2,0.5,0.5,72,0,0,0,a,0.06,0.26,0.32
521,Dejan Kulusevski,Kulusevski,Tottenham Hotspur,MID,6.5,0.0,0.0,0.0,0,0,0,0,i,0.0,0.0,0.0
522,Archie Gray,Gray,Tottenham Hotspur,MID,4.9,0.2,1.8,1.8,236,0,0,1,a,0.09,0.04,0.13
523,Mikey Moore,Moore,Tottenham Hotspur,MID,5.0,0.1,0.8,0.0,89,0,0,0,u,0.4,0.02,0.42
524,Callum Olusesi,Olusesi,Tottenham Hotspur,MID,4.4,0.9,0.0,0.0,0,0,0,0,a,0.0,0.0,0.0
525,Mateus Fernandes,Fernandes,Tottenham Hotspur,MID,5.8,0.9,1.5,1.5,204,0,0,1,a,0.12,0.26,0.38
526,Dominic Solanke-Mitchell,Solanke,Tottenham Hotspur,FWD,5.9,0.9,1.2,1.2,105,0,0,1,a,0.44,0.01,0.45
527,Richarlison de Andrade,Richarlison,Tottenham Hotspur,FWD,5.9,0.8,0.5,0.0,67,0,0,0,u,0.0,0.0,0.0
528,Dane Scarlett,Scarlett,Tottenham Hotspur,FWD,4.5,1.3,0.0,0.0,0,0,0,0,u,0.0,0.0,0.0
578,Mykhailo Mudryk,Mudryk,Tottenham Hotspur,MID,5.4,0.1,0.2,0.0,16,0,0,0,i,0.0,0.0,0.0
601,Luca Williams-Barnett,Williams-Barnett,Tottenham Hotspur,MID,4.5,0.1,0.0,0.0,0,0,0,0,a,0.0,0.0,0.0
501,Kevin Danso,Danso,Sunderland,DEF,5.0,0.2,0.8,0.8,180,0,0,0,a,0.0,0.16,0.16
529,Robin Roefs,Roefs,Sunderland,GK,4.9,2.8,2.8,2.8,360,0,0,1,a,0.0,0.0,0.0
530,Anthony Patterson,Patterson,Sunderland,GK,4.0,0.1,0.0,0.0,0,0,0,0,u,0.0,0.0,0.0
531,Melker Ellborg,Ellborg,Sunderland,GK,4.5,0.1,0.0,0.0,0,0,0,0,a,0.0,0.0,0.0
532,Daniel Ballard,Ballard,Sunderland,DEF,4.9,3.0,3.0,3.0,360,0,0,1,a,0.17,0.16,0.33
533,Nordi Mukiele,Mukiele,Sunderland,DEF,5.4,2.1,3.2,3.2,270,0,0,1,a,0.7,0.05,0.75
534,Trai Hume,Hume,Sunderland,DEF,4.4,3.7,2.2,2.2,195,0,0,1,a,0.04,0.28,0.32
535,Omar Alderete,Alderete,Sunderland,DEF,4.9,0.3,0.2,0.2,23,0,0,0,a,0.0,0.01,0.01
536,Reinildo Mandava,Reinildo,Sunderland,DEF,4.5,0.3,1.8,0.0,360,0,0,1,s,0.0,0.32,0.32
537,Jenson Seelt,Seelt,Sunderland,DEF,4.5,0.0,0.0,0.0,0,0,0,0,u,0.0,0.0,0.0
538,Leo Fuhr Hjelde,Hjelde,Sunderland,DEF,4.0,0.0,0.0,0.0,0,0,0,0,u,0.0,0.0,0.0
539,Luke O'Nien,O'Nien,Sunderland,DEF,4.0,2.6,0.2,0.2,66,0,0,0,a,0.01,0.01,0.02
540,Arthur Masuaku,Masuaku,Sunderland,DEF,4.0,0.1,0.0,0.0,0,0,0,0,u,0.0,0.0,0.0
541,Thomas Meunier,Meunier,Sunderland,DEF,4.5,0.3,2.8,2.8,318,0,0,1,a,0.34,0.13,0.47
542,Enzo Le Fée,E.Le Fée,Sunderland,MID,5.8,4.2,3.2,3.2,348,1,0,1,a,2.06,0.82,2.88
543,Habib Diarra,Diarra,Sunderland,MID,5.4,0.0,1.2,0.0,28,0,1,0,i,0.03,0.16,0.19
544,Granit Xhaka,Xhaka,Sunderland,MID,5.5,4.1,4.8,4.8,360,0,1,1,a,0.06,0.94,1.0
545,Noah Sadiki,Sadiki,Sunderland,MID,4.9,0.2,2.0,2.0,343,0,0,1,a,0.4,0.23,0.63
546,Simon Adingra,Adingra,Sunderland,MID,4.9,0.0,0.0,0.0,0,0,0,0,u,0.0,0.0,0.0
547,Romaine Mundle,Mundle,Sunderland,MID,4.9,0.0,0.2,0.0,1,0,0,0,i,0.17,0.0,0.17
548,Chris Rigg,Rigg,Sunderland,MID,4.9,0.0,0.5,0.5,17,0,0,0,a,0.0,0.0,0.0
549,Chemsdine Talbi,Talbi,Sunderland,MID,5.3,0.1,0.2,0.2,31,0,0,0,a,0.0,0.0,0.0
550,Djiamgone Jocelin Ta Bi,Jocelin.T,Sunderland,MID,5.0,0.0,0.0,0.0,0,0,0,0,a,0.0,0.0,0.0
551,Nilson Angulo,N.Angulo,Sunderland,MID,5.0,0.1,3.0,3.0,254,1,0,1,a,0.15,0.12,0.27
552,Brian Brobbey,Brobbey,Sunderland,FWD,5.8,6.4,1.8,1.8,309,0,0,1,a,0.59,0.07,0.66
553,Wilson Isidor,Isidor,Sunderland,FWD,5.5,1.5,3.5,3.5,95,1,1,0,a,1.49,0.01,1.5
612,Dayann Méthalie,Methalie,Sunderland,DEF,4.5,0.0,0.0,0.0,0,0,0,0,a,0.0,0.0,0.0
613,Jules Ahoka,Ahoka,Sunderland,MID,4.5,0.2,0.0,0.0,0,0,0,0,a,0.0,0.0,0.0
646,Malick Fofana,Fofana,Sunderland,MID,5.5,0.0,1.0,1.0,30,0,0,0,a,0.0,0.0,0.0
651,Juan Angulo,J.Angulo,Sunderland,FWD,4.5,0.5,0.0,0.0,0,0,0,0,a,0.0,0.0,0.0
