Rk,Player,Nation,Pos,Squad,Comp,Age,Born,MP,Starts,Min,90s,Gls,Ast,G+A,G-PK,PK,PKatt,CrdY,CrdR,xG,npxG,xAG,npxG+xAG,PrgC,PrgP,PrgR,Matches,goals_per_90,assists_per_90,goals_assists_per_90,expected_goals_per_90,expected_assists_per_90,progressive_carries_per_90,progressive_passes_per_90,progressive_receptions_per_90,Goals,Assists,Goals + Assists,Expected Goals,Expected Assists,Progressive Carries,Progressive Passes,Progressive Receptions
2274,Mohamed Salah,eg EGY,FW,Liverpool,eng Premier League,32-325,1992,35,35,3101,34.5,28,18,46,19,9,9,1,0,24.0,17.0,13.2,30.1,143,133,440,Matches,0.8115942028985508,0.5217391304347826,1.3333333333333333,0.6956521739130435,0.38260869565217387,4.144927536231884,3.8550724637681157,12.753623188405797,99,99,100,98,98,92,62,98
1207,Alexander Isak,se SWE,FW,Newcastle Utd,eng Premier League,25-227,1999,32,32,2577,28.6,23,6,29,19,4,4,1,0,19.9,16.8,4.3,21.1,81,80,200,Matches,0.8041958041958042,0.2097902097902098,1.013986013986014,0.6958041958041957,0.15034965034965034,2.832167832167832,2.797202797202797,6.9930069930069925,99,84,99,99,72,80,34,84
1098,Erling Haaland,no NOR,FW,Manchester City,eng Premier League,24-289,2000,28,28,2480,27.6,21,3,24,19,2,3,2,0,20.8,18.4,2.8,21.2,19,18,103,Matches,0.7608695652173912,0.10869565217391304,0.8695652173913043,0.7536231884057971,0.10144927536231883,0.6884057971014492,0.6521739130434783,3.731884057971014,98,61,98,100,59,20,0,54
2751,Chris Wood,nz NZL,FW,Nott'ham Forest,eng Premier League,33-150,1991,33,32,2689,29.9,19,3,22,16,3,3,1,0,11.7,9.3,2.5,11.8,13,36,87,Matches,0.6354515050167224,0.10033444816053512,0.7357859531772576,0.391304347826087,0.08361204013377926,0.4347826086956522,1.2040133779264215,2.9096989966555187,98,57,95,91,50,11,4,46
2744,Yoane Wissa,cd COD,FW,Brentford,eng Premier League,28-245,1996,32,31,2650,29.4,18,3,21,18,0,0,2,0,16.5,16.5,1.8,18.3,51,57,135,Matches,0.6122448979591837,0.10204081632653061,0.7142857142857143,0.5612244897959184,0.06122448979591837,1.7346938775510206,1.9387755102040818,4.591836734693878,97,58,94,97,39,57,15,66
1673,Bryan Mbeumo,cm CMR,FW,Brentford,eng Premier League,25-272,1999,35,35,3144,34.9,18,6,24,13,5,5,3,0,10.8,6.9,8.0,14.9,118,128,319,Matches,0.5157593123209169,0.17191977077363899,0.6876790830945559,0.3094555873925502,0.22922636103151864,3.3810888252149,3.667621776504298,9.140401146131806,96,76,93,84,90,86,57,93
2714,Ollie Watkins,eng ENG,FW,Aston Villa,eng Premier League,29-127,1995,35,28,2333,25.9,15,7,22,13,2,2,2,0,14.7,13.2,3.0,16.2,52,29,148,Matches,0.5791505791505792,0.2702702702702703,0.8494208494208495,0.5675675675675675,0.11583011583011583,2.0077220077220077,1.1196911196911197,5.714285714285714,97,91,98,97,63,63,3,76
630,Matheus Cunha,br BRA,"MF,FW",Wolves,eng Premier League,25-344,1999,30,27,2425,26.9,15,6,21,15,0,0,3,0,7.9,7.9,7.3,15.2,104,131,147,Matches,0.5576208178438662,0.2230483271375465,0.7806691449814127,0.2936802973977695,0.27137546468401486,3.866171003717472,4.869888475836431,5.4646840148698885,97,86,96,83,96,91,80,74
2007,Cole Palmer,eng ENG,MF,Chelsea,eng Premier League,23-000,2002,34,33,2921,32.5,15,8,23,11,4,5,6,0,17.0,13.0,10.0,23.0,110,200,169,Matches,0.46153846153846156,0.24615384615384617,0.7076923076923077,0.5230769230769231,0.3076923076923077,3.3846153846153846,6.153846153846154,5.2,92,89,94,97,97,86,92,72
1651,Jean-Philippe Mateta,fr FRA,FW,Crystal Palace,eng Premier League,27-312,1997,34,31,2517,28.0,14,2,16,12,2,2,2,0,12.1,10.6,3.1,13.6,38,47,114,Matches,0.5,0.07142857142857142,0.5714285714285714,0.4321428571428571,0.11071428571428572,1.3571428571428572,1.6785714285714286,4.071428571428571,95,48,88,92,62,43,9,59
2480,Jørgen Strand Larsen,no NOR,FW,Wolves,eng Premier League,25-089,2000,32,29,2463,27.4,13,2,15,13,0,0,4,0,10.0,10.0,2.4,12.4,16,28,106,Matches,0.4744525547445256,0.07299270072992702,0.5474452554744526,0.36496350364963503,0.08759124087591241,0.5839416058394161,1.0218978102189782,3.8686131386861318,94,49,87,89,51,17,2,57
1352,Justin Kluivert,nl NED,"MF,FW",Bournemouth,eng Premier League,26-001,1999,31,27,2161,24.0,12,6,18,6,6,6,8,0,10.0,5.3,4.8,10.1,74,95,153,Matches,0.5,0.25,0.75,0.4166666666666667,0.19999999999999998,3.0833333333333335,3.9583333333333335,6.375,95,90,96,92,85,83,64,82
716,Luis Díaz,co COL,FW,Liverpool,eng Premier League,28-113,1997,33,26,2225,24.7,12,5,17,12,0,0,2,0,10.0,10.0,4.9,14.9,103,103,269,Matches,0.4858299595141701,0.20242914979757085,0.688259109311741,0.4048582995951417,0.19838056680161945,4.17004048582996,4.17004048582996,10.890688259109313,94,83,93,91,85,92,68,95
685,Liam Delap,eng ENG,FW,Ipswich Town,eng Premier League,22-087,2003,34,31,2491,27.7,12,2,14,10,2,2,10,0,9.3,7.7,1.9,9.6,60,30,105,Matches,0.4332129963898917,0.07220216606498195,0.5054151624548736,0.3357400722021661,0.06859205776173286,2.1660649819494586,1.0830324909747293,3.7906137184115525,90,48,85,87,43,65,2,56
1257,Brennan Johnson,wls WAL,FW,Tottenham,eng Premier League,23-348,2001,31,23,2083,23.1,11,3,14,11,0,0,5,0,9.8,9.8,2.3,12.1,57,70,194,Matches,0.47619047619047616,0.12987012987012986,0.6060606060606061,0.42424242424242425,0.09956709956709955,2.4675324675324672,3.0303030303030303,8.398268398268398,94,67,90,92,58,73,41,91
371,Jarrod Bowen,eng ENG,"FW,MF",West Ham,eng Premier League,28-137,1996,31,31,2721,30.2,10,7,17,9,1,1,1,0,8.0,7.3,6.3,13.6,98,86,188,Matches,0.33112582781456956,0.2317880794701987,0.5629139072847682,0.26490066225165565,0.20860927152317882,3.2450331125827816,2.847682119205298,6.225165562913907,84,87,87,80,87,85,36,80
1249,João Pedro,br BRA,"FW,MF",Brighton,eng Premier League,23-222,2001,27,23,1948,21.6,10,6,16,5,5,5,4,1,8.9,5.0,5.0,10.0,66,78,128,Matches,0.4629629629629629,0.27777777777777773,0.7407407407407407,0.41203703703703703,0.23148148148148145,3.0555555555555554,3.6111111111111107,5.925925925925926,93,91,95,91,90,83,56,78
1247,Raúl Jiménez,mx MEX,FW,Fulham,eng Premier League,34-001,1991,35,27,2224,24.7,10,3,13,7,3,3,4,0,11.2,8.8,3.2,12.0,32,56,119,Matches,0.4048582995951417,0.12145748987854252,0.5263157894736842,0.4534412955465587,0.12955465587044535,1.2955465587044535,2.2672064777327936,4.817813765182186,89,64,86,94,67,42,20,69
1221,Nicolas Jackson,sn SEN,FW,Chelsea,eng Premier League,23-320,2001,29,27,2185,24.3,10,5,15,10,0,0,7,0,12.3,12.3,4.3,16.6,46,37,127,Matches,0.411522633744856,0.205761316872428,0.6172839506172839,0.5061728395061729,0.17695473251028807,1.8930041152263375,1.522633744855967,5.22633744855967,89,83,90,96,79,59,7,72
2336,Kevin Schade,de GER,FW,Brentford,eng Premier League,23-160,2001,35,23,2069,23.0,10,2,12,10,0,0,3,0,7.7,7.7,3.4,11.1,56,32,146,Matches,0.43478260869565216,0.08695652173913043,0.5217391304347826,0.3347826086956522,0.14782608695652175,2.4347826086956523,1.391304347826087,6.3478260869565215,91,52,85,87,71,72,5,82
853,Evanilson,br BRA,FW,Bournemouth,eng Premier League,25-212,1999,28,25,2058,22.9,10,1,11,10,0,1,1,1,11.6,10.8,1.6,12.5,28,24,88,Matches,0.4366812227074236,0.04366812227074236,0.48034934497816595,0.5065502183406114,0.06986899563318778,1.2227074235807862,1.0480349344978166,3.8427947598253276,91,40,82,96,44,39,2,56
945,Cody Gakpo,nl NED,FW,Liverpool,eng Premier League,25-364,1999,32,20,1717,19.1,9,3,12,9,0,0,5,0,6.5,6.5,3.5,10.0,51,52,253,Matches,0.47120418848167533,0.15706806282722513,0.6282722513089005,0.3403141361256544,0.18324607329842932,2.670157068062827,2.7225130890052354,13.246073298429318,93,72,91,88,81,78,31,98
1542,James Maddison,eng ENG,MF,Tottenham,eng Premier League,28-164,1996,31,21,1809,20.1,9,7,16,9,0,0,6,0,5.8,5.8,4.2,10.0,45,164,95,Matches,0.4477611940298507,0.34825870646766166,0.7960199004975124,0.2885572139303482,0.208955223880597,2.2388059701492535,8.159203980099502,4.72636815920398,92,95,97,82,87,67,98,68
245,Harvey Barnes,eng ENG,FW,Newcastle Utd,eng Premier League,27-148,1997,30,14,1503,16.7,9,4,13,9,0,0,0,0,6.6,6.6,3.9,10.4,80,72,172,Matches,0.5389221556886228,0.23952095808383234,0.7784431137724551,0.39520958083832336,0.23353293413173654,4.790419161676647,4.311377245508982,10.29940119760479,96,89,96,91,91,94,71,95
1741,Kaoru Mitoma,jp JPN,"FW,MF",Brighton,eng Premier League,27-351,1997,33,28,2521,28.0,9,3,12,9,0,0,1,0,8.8,8.8,4.4,13.2,138,82,277,Matches,0.32142857142857145,0.10714285714285714,0.42857142857142855,0.31428571428571433,0.15714285714285717,4.928571428571429,2.9285714285714284,9.892857142857142,84,60,77,85,74,95,38,94
1218,Alex Iwobi,ng NGA,"FW,MF",Fulham,eng Premier League,29-003,1996,35,33,2796,31.1,9,6,15,9,0,0,1,0,4.6,4.6,6.9,11.5,135,199,224,Matches,0.28938906752411575,0.19292604501607716,0.4823151125401929,0.14790996784565916,0.22186495176848875,4.340836012861736,6.398713826366559,7.202572347266881,81,81,82,67,89,92,93,85
1123,Kai Havertz,de GER,"FW,MF",Arsenal,eng Premier League,25-329,1999,21,21,1839,20.4,9,3,12,9,0,0,4,0,9.4,9.4,2.4,11.8,34,59,110,Matches,0.44117647058823534,0.14705882352941177,0.5882352941176471,0.4607843137254902,0.11764705882352941,1.6666666666666667,2.8921568627450984,5.392156862745098,92,70,89,94,63,54,37,74
2723,Danny Welbeck,eng ENG,FW,Brighton,eng Premier League,34-161,1990,28,22,1942,21.6,9,4,13,9,0,0,5,0,8.1,8.1,1.2,9.3,19,42,83,Matches,0.41666666666666663,0.18518518518518517,0.6018518518518519,0.37499999999999994,0.05555555555555555,0.8796296296296295,1.9444444444444444,3.8425925925925926,90,79,89,90,36,27,15,56
2363,Antoine Semenyo,gh GHA,FW,Bournemouth,eng Premier League,25-119,2000,34,33,2933,32.6,9,5,14,9,0,0,9,0,9.3,9.3,5.8,15.1,133,106,259,Matches,0.2760736196319018,0.15337423312883436,0.42944785276073616,0.2852760736196319,0.17791411042944785,4.079754601226994,3.2515337423312882,7.9447852760736195,80,72,78,82,79,91,46,88
883,Bruno Fernandes,pt POR,MF,Manchester Utd,eng Premier League,30-240,1994,33,32,2758,30.6,8,9,17,5,3,3,4,2,9.5,7.1,7.6,14.7,65,281,118,Matches,0.26143790849673204,0.29411764705882354,0.5555555555555556,0.3104575163398693,0.2483660130718954,2.1241830065359477,9.183006535947712,3.856209150326797,78,92,87,85,92,65,99,57
2600,Leandro Trossard,be BEL,FW,Arsenal,eng Premier League,30-153,1994,35,26,2354,26.2,8,5,13,8,0,0,4,1,6.8,6.8,5.3,12.0,75,95,207,Matches,0.3053435114503817,0.19083969465648856,0.4961832061068702,0.2595419847328244,0.20229007633587787,2.8625954198473282,3.6259541984732824,7.900763358778626,82,80,84,79,86,81,57,87
1798,Rodrigo Muniz,br BRA,FW,Fulham,eng Premier League,24-002,2001,31,8,964,10.7,8,1,9,8,0,0,1,0,5.8,5.8,0.7,6.5,6,27,31,Matches,0.7476635514018692,0.09345794392523366,0.8411214953271029,0.5420560747663552,0.06542056074766354,0.5607476635514019,2.5233644859813085,2.897196261682243,98,53,97,97,41,16,26,46
1807,Jacob Murphy,eng ENG,FW,Newcastle Utd,eng Premier League,30-071,1995,32,28,2139,23.8,8,11,19,8,0,0,3,0,5.7,5.7,8.1,13.8,70,67,216,Matches,0.3361344537815126,0.4621848739495798,0.7983193277310924,0.23949579831932774,0.34033613445378147,2.941176470588235,2.815126050420168,9.07563025210084,85,98,97,78,98,82,34,92
2215,Morgan Rogers,eng ENG,"FW,MF",Aston Villa,eng Premier League,22-284,2002,34,34,2853,31.7,8,8,16,8,0,0,9,0,6.2,6.2,7.4,13.6,108,117,177,Matches,0.25236593059936907,0.25236593059936907,0.5047318611987381,0.19558359621451105,0.23343848580441642,3.406940063091483,3.690851735015773,5.583596214511041,77,90,84,72,90,86,58,75
2447,Tomáš Souček,cz CZE,MF,West Ham,eng Premier League,30-068,1995,32,27,2330,25.9,8,1,9,8,0,0,8,0,6.0,6.0,1.0,7.0,6,70,65,Matches,0.3088803088803089,0.03861003861003861,0.3474903474903475,0.23166023166023167,0.03861003861003861,0.23166023166023167,2.7027027027027026,2.50965250965251,82,39,71,76,28,4,30,41
2639,Jamie Vardy,eng ENG,FW,Leicester City,eng Premier League,38-115,1987,33,33,2655,29.5,8,3,11,7,1,2,5,0,10.7,9.1,2.9,12.0,27,20,110,Matches,0.2711864406779661,0.1016949152542373,0.3728813559322034,0.36271186440677966,0.0983050847457627,0.9152542372881356,0.6779661016949152,3.7288135593220337,79,57,73,89,57,28,0,54
2432,Dominic Solanke,eng ENG,FW,Tottenham,eng Premier League,27-234,1997,25,24,2119,23.5,8,3,11,8,0,0,0,0,10.1,10.1,2.9,13.1,29,45,88,Matches,0.3404255319148936,0.1276595744680851,0.46808510638297873,0.4297872340425532,0.12340425531914893,1.2340425531914894,1.9148936170212767,3.74468085106383,85,67,81,92,65,39,13,55
1625,Gabriel Martinelli,br BRA,"FW,MF",Arsenal,eng Premier League,23-322,2001,30,22,2041,22.7,7,4,11,7,0,0,1,0,5.9,5.9,4.7,10.6,112,47,267,Matches,0.30837004405286345,0.1762114537444934,0.4845814977973568,0.2599118942731278,0.20704845814977976,4.933920704845815,2.0704845814977975,11.762114537444933,82,77,83,80,86,95,18,97
1977,Dango Ouattara,bf BFA,FW,Bournemouth,eng Premier League,23-084,2002,32,21,2005,22.3,7,4,11,7,0,0,3,0,8.4,8.4,5.5,13.8,79,43,191,Matches,0.3139013452914798,0.17937219730941703,0.49327354260089684,0.37668161434977576,0.24663677130044842,3.5426008968609866,1.9282511210762332,8.565022421524663,83,78,83,90,92,89,14,91
704,Amad Diallo,ci CIV,"FW,MF",Manchester Utd,eng Premier League,22-299,2002,23,17,1639,18.2,7,6,13,7,0,0,3,0,4.2,4.2,4.0,8.2,93,55,163,Matches,0.38461538461538464,0.32967032967032966,0.7142857142857143,0.23076923076923078,0.21978021978021978,5.10989010989011,3.021978021978022,8.956043956043956,88,94,94,76,89,96,40,92
2322,Ismaila Sarr,sn SEN,"MF,FW",Crystal Palace,eng Premier League,27-070,1998,35,27,2482,27.6,7,4,11,7,0,0,4,0,9.3,9.3,7.1,16.4,69,79,169,Matches,0.25362318840579706,0.14492753623188406,0.39855072463768115,0.33695652173913043,0.2572463768115942,2.5,2.86231884057971,6.1231884057971016,78,70,75,88,94,75,36,79
1148,Son Heung-min,kr KOR,FW,Tottenham,eng Premier League,32-302,1992,28,23,2004,22.3,7,9,16,6,1,2,1,0,7.0,5.4,8.2,13.7,87,104,259,Matches,0.3139013452914798,0.40358744394618834,0.7174887892376681,0.3139013452914798,0.3677130044843049,3.9013452914798203,4.663677130044843,11.614349775784753,83,97,95,85,98,91,76,96
1544,Noni Madueke,eng ENG,FW,Chelsea,eng Premier League,23-057,2002,29,24,1813,20.1,7,3,10,7,0,0,3,0,9.1,9.1,4.0,13.1,142,66,212,Matches,0.34825870646766166,0.14925373134328357,0.49751243781094523,0.45273631840796014,0.1990049751243781,7.064676616915422,3.2835820895522385,10.547263681592039,85,71,84,93,85,98,47,95
1406,Dejan Kulusevski,se SWE,"MF,FW",Tottenham,eng Premier League,25-011,2000,31,26,2371,26.3,7,4,11,7,0,0,3,0,4.2,4.2,6.2,10.4,120,123,210,Matches,0.2661596958174905,0.1520912547528517,0.4182509505703422,0.1596958174904943,0.23574144486692014,4.562737642585551,4.67680608365019,7.984790874524714,79,71,76,68,91,94,77,88
900,Phil Foden,eng ENG,"MF,FW",Manchester City,eng Premier League,24-343,2000,26,19,1693,18.8,7,2,9,7,0,0,2,0,5.1,5.1,4.7,9.8,47,95,119,Matches,0.3723404255319149,0.10638297872340426,0.4787234042553191,0.2712765957446808,0.25,2.5,5.053191489361702,6.329787234042553,87,60,81,81,93,75,81,81
1387,Mateo Kovačić,hr CRO,MF,Manchester City,eng Premier League,31-000,1994,29,23,2049,22.8,6,1,7,6,0,0,5,0,1.7,1.7,3.6,5.3,52,149,15,Matches,0.2631578947368421,0.043859649122807015,0.30701754385964913,0.07456140350877193,0.15789473684210525,2.280701754385965,6.535087719298246,0.6578947368421052,78,40,69,46,75,68,94,23
2269,Bukayo Saka,eng ENG,"FW,MF",Arsenal,eng Premier League,23-243,2001,22,18,1539,17.1,6,10,16,5,1,1,3,0,6.3,5.5,6.8,12.3,82,62,233,Matches,0.3508771929824561,0.5847953216374269,0.935672514619883,0.3684210526315789,0.39766081871345027,4.7953216374269,3.6257309941520464,13.625730994152045,86,100,98,89,99,94,56,98
1267,Diogo Jota,pt POR,FW,Liverpool,eng Premier League,28-153,1996,24,14,1154,12.8,6,3,9,6,0,0,2,0,7.5,7.5,1.8,9.3,36,33,86,Matches,0.46875,0.234375,0.703125,0.5859375,0.140625,2.8125,2.578125,6.71875,93,88,94,98,69,80,27,83
1735,Yankuba Minteh,gm GAM,"FW,MF",Brighton,eng Premier League,20-288,2004,29,17,1587,17.6,6,4,10,6,0,0,6,0,4.0,4.0,4.7,8.7,71,40,163,Matches,0.3409090909090909,0.22727272727272727,0.5681818181818181,0.22727272727272727,0.26704545454545453,4.034090909090909,2.2727272727272725,9.261363636363635,85,87,88,76,95,91,21,93
966,Alejandro Garnacho,ar ARG,"MF,FW",Manchester Utd,eng Premier League,20-309,2004,34,23,2146,23.8,6,2,8,6,0,0,3,0,7.2,7.2,4.5,11.7,139,56,281,Matches,0.25210084033613445,0.08403361344537814,0.3361344537815126,0.3025210084033613,0.18907563025210083,5.840336134453781,2.3529411764705883,11.80672268907563,77,52,70,83,82,98,23,97
888,Enzo Fernández,ar ARG,MF,Chelsea,eng Premier League,24-109,2001,33,29,2677,29.7,6,7,13,6,0,0,7,0,6.0,6.0,6.5,12.5,57,199,116,Matches,0.20202020202020202,0.2356902356902357,0.4377104377104377,0.20202020202020202,0.21885521885521886,1.9191919191919193,6.700336700336701,3.9057239057239057,73,88,78,73,88,60,95,58
1704,Mikel Merino,es ESP,"MF,FW",Arsenal,eng Premier League,28-318,1996,26,15,1418,15.8,6,2,8,6,0,0,2,0,4.4,4.4,1.9,6.3,9,62,88,Matches,0.37974683544303794,0.12658227848101264,0.5063291139240506,0.27848101265822783,0.12025316455696201,0.5696202531645569,3.9240506329113924,5.5696202531645564,88,66,85,81,65,17,63,75
2426,Emile Smith Rowe,eng ENG,MF,Fulham,eng Premier League,24-282,2000,31,23,1886,21.0,6,2,8,6,0,0,2,0,4.4,4.4,1.1,5.5,50,120,115,Matches,0.2857142857142857,0.09523809523809523,0.38095238095238093,0.20952380952380953,0.05238095238095238,2.380952380952381,5.714285714285714,5.476190476190476,81,55,75,74,33,71,87,74
821,Anthony Elanga,se SWE,"FW,MF",Nott'ham Forest,eng Premier League,23-009,2002,35,28,2232,24.8,6,9,15,6,0,0,1,0,4.2,4.2,4.8,9.0,86,54,189,Matches,0.24193548387096772,0.3629032258064516,0.6048387096774194,0.16935483870967744,0.1935483870967742,3.467741935483871,2.1774193548387095,7.620967741935484,76,96,90,69,83,88,19,86
1029,Anthony Gordon,eng ENG,FW,Newcastle Utd,eng Premier League,24-071,2001,31,25,2235,24.8,6,5,11,5,1,2,2,0,8.0,6.4,4.9,11.4,111,93,197,Matches,0.24193548387096772,0.20161290322580644,0.4435483870967742,0.3225806451612903,0.19758064516129034,4.475806451612903,3.75,7.943548387096774,76,83,79,86,84,93,59,88
1537,Alexis Mac Allister,ar ARG,MF,Liverpool,eng Premier League,26-133,1998,34,30,2575,28.6,5,5,10,5,0,0,6,0,2.8,2.8,4.6,7.4,34,174,79,Matches,0.17482517482517482,0.17482517482517482,0.34965034965034963,0.09790209790209789,0.1608391608391608,1.1888111888111887,6.083916083916083,2.762237762237762,69,76,71,56,75,39,90,44
988,Morgan Gibbs-White,eng ENG,MF,Nott'ham Forest,eng Premier League,25-099,2000,31,31,2541,28.2,5,7,12,5,0,0,11,1,4.7,4.7,4.5,9.3,64,153,118,Matches,0.1773049645390071,0.24822695035460993,0.425531914893617,0.16666666666666669,0.1595744680851064,2.269503546099291,5.425531914893617,4.184397163120567,70,89,77,69,75,68,85,62
1908,Christian Nørgaard,dk DEN,MF,Brentford,eng Premier League,31-057,1994,31,31,2549,28.3,5,3,8,5,0,0,6,1,3.9,3.9,1.0,5.0,12,133,37,Matches,0.17667844522968199,0.10600706713780919,0.2826855123674912,0.13780918727915192,0.0353356890459364,0.42402826855123676,4.69964664310954,1.3074204946996466,69,59,65,65,27,10,78,29
2506,Dominik Szoboszlai,hu HUN,MF,Liverpool,eng Premier League,24-193,2000,33,26,2279,25.3,5,5,10,5,0,0,6,0,7.1,7.1,6.2,13.3,65,118,120,Matches,0.1976284584980237,0.1976284584980237,0.3952569169960474,0.28063241106719367,0.2450592885375494,2.569169960474308,4.664031620553359,4.743083003952569,72,82,75,82,91,77,76,68
2738,Harry Wilson,wls WAL,"FW,MF",Fulham,eng Premier League,28-045,1997,22,10,1003,11.1,5,1,6,5,0,0,2,0,3.7,3.7,1.1,4.8,17,48,83,Matches,0.45045045045045046,0.0900900900900901,0.5405405405405406,0.33333333333333337,0.09909909909909911,1.5315315315315317,4.324324324324325,7.4774774774774775,92,53,86,87,58,49,71,85
857,Eberechi Eze,eng ENG,"MF,FW",Crystal Palace,eng Premier League,26-311,1998,31,29,2427,27.0,5,8,13,4,1,2,1,0,9.1,7.6,5.2,12.8,67,89,143,Matches,0.18518518518518517,0.2962962962962963,0.48148148148148145,0.337037037037037,0.1925925925925926,2.4814814814814814,3.2962962962962963,5.296296296296297,71,92,82,88,83,73,48,73
2247,Georginio Rutter,fr FRA,"MF,FW",Brighton,eng Premier League,23-016,2002,28,19,1656,18.4,5,3,8,5,0,0,2,0,4.6,4.6,2.5,7.1,42,67,79,Matches,0.27173913043478265,0.16304347826086957,0.4347826086956522,0.25,0.13586956521739132,2.2826086956521743,3.6413043478260874,4.293478260869565,79,74,78,79,68,68,57,63
1899,Darwin Núñez,uy URU,FW,Liverpool,eng Premier League,25-316,1999,27,8,1051,11.7,5,2,7,5,0,0,8,0,5.3,5.3,1.2,6.5,22,27,69,Matches,0.4273504273504274,0.17094017094017094,0.5982905982905983,0.452991452991453,0.10256410256410256,1.8803418803418805,2.307692307692308,5.897435897435898,90,75,89,94,60,59,22,78
1175,Callum Hudson-Odoi,eng ENG,"FW,MF",Nott'ham Forest,eng Premier League,24-180,2000,29,25,2152,23.9,5,2,7,5,0,0,2,0,2.5,2.5,2.7,5.2,127,66,186,Matches,0.2092050209205021,0.08368200836820085,0.29288702928870297,0.10460251046025106,0.11297071129707115,5.313807531380753,2.761506276150628,7.782426778242678,74,51,68,58,62,97,31,87
2150,Marcus Rashford,eng ENG,"FW,MF",Manchester Utd,eng Premier League,27-187,1997,15,12,978,10.9,4,1,5,4,0,0,2,0,1.7,1.7,2.1,3.8,20,21,79,Matches,0.36697247706422015,0.09174311926605504,0.4587155963302752,0.15596330275229356,0.1926605504587156,1.8348623853211008,1.926605504587156,7.247706422018348,87,53,80,68,83,58,14,85
1405,Mohammed Kudus,gh GHA,"FW,MF",West Ham,eng Premier League,24-277,2000,29,29,2421,26.9,4,2,6,4,0,0,2,1,6.6,6.6,2.5,9.0,93,76,201,Matches,0.14869888475836432,0.07434944237918216,0.2230483271375465,0.24535315985130113,0.0929368029739777,3.4572490706319705,2.825278810408922,7.472118959107807,66,50,60,78,56,87,35,85
1682,Dwight McNeil,eng ENG,"MF,FW",Everton,eng Premier League,25-165,1999,18,14,1262,14.0,4,4,8,4,0,0,1,0,1.1,1.1,3.8,4.8,35,63,74,Matches,0.2857142857142857,0.2857142857142857,0.5714285714285714,0.07857142857142858,0.2714285714285714,2.5,4.5,5.285714285714286,81,92,88,49,96,75,74,73
2016,Thomas Partey,gh GHA,"MF,DF",Arsenal,eng Premier League,31-327,1993,32,28,2527,28.1,4,2,6,4,0,0,4,0,2.0,2.0,1.9,4.0,32,171,47,Matches,0.14234875444839856,0.07117437722419928,0.21352313167259784,0.07117437722419928,0.06761565836298931,1.1387900355871885,6.085409252669039,1.6725978647686832,65,48,58,44,43,37,91,34
409,Facundo Buonanotte,ar ARG,"FW,MF",Leicester City,eng Premier League,20-134,2004,29,14,1474,16.4,4,2,6,4,0,0,7,0,3.8,3.8,3.1,6.8,38,52,69,Matches,0.24390243902439027,0.12195121951219513,0.3658536585365854,0.23170731707317074,0.18902439024390247,2.3170731707317076,3.1707317073170733,4.207317073170732,76,65,73,77,82,69,44,62
1951,Paul Onuachu,ng NGA,FW,Southampton,eng Premier League,30-343,1994,24,11,1029,11.4,4,1,5,4,0,0,4,0,3.6,3.6,0.5,4.1,7,13,40,Matches,0.3508771929824561,0.08771929824561403,0.43859649122807015,0.3157894736842105,0.043859649122807015,0.6140350877192983,1.1403508771929824,3.508771929824561,86,52,79,86,30,18,4,52
1660,Stephy Mavididi,eng ENG,FW,Leicester City,eng Premier League,26-340,1998,30,16,1615,17.9,4,1,5,4,0,0,2,0,1.8,1.8,2.6,4.4,91,57,138,Matches,0.223463687150838,0.0558659217877095,0.2793296089385475,0.1005586592178771,0.1452513966480447,5.083798882681565,3.1843575418994416,7.709497206703912,75,44,65,57,70,96,45,86
1720,Nikola Milenković,rs SRB,DF,Nott'ham Forest,eng Premier League,27-206,1997,34,34,3060,34.0,4,2,6,4,0,0,4,0,3.6,3.6,1.0,4.6,3,49,6,Matches,0.11764705882352941,0.058823529411764705,0.17647058823529413,0.10588235294117647,0.029411764705882353,0.08823529411764706,1.4411764705882353,0.17647058823529413,60,44,52,58,22,1,6,8
1902,Ethan Nwaneri,eng ENG,"FW,MF",Arsenal,eng Premier League,18-046,2007,25,10,821,9.1,4,2,6,4,0,0,1,0,1.1,1.1,1.0,2.2,44,30,102,Matches,0.43956043956043955,0.21978021978021978,0.6593406593406593,0.1208791208791209,0.10989010989010989,4.835164835164836,3.296703296703297,11.20879120879121,91,86,92,62,61,95,48,96
1801,Daniel Muñoz,co COL,DF,Crystal Palace,eng Premier League,28-345,1996,34,34,2958,32.9,4,4,8,4,0,0,10,0,4.7,4.7,4.5,9.1,54,89,192,Matches,0.12158054711246201,0.12158054711246201,0.24316109422492402,0.14285714285714288,0.13677811550151978,1.6413373860182372,2.70516717325228,5.835866261398176,62,65,62,66,68,53,30,77
2181,Richarlison,br BRA,FW,Tottenham,eng Premier League,27-361,1997,13,4,475,5.3,4,1,5,4,0,0,2,0,3.7,3.7,0.9,4.6,8,11,22,Matches,0.7547169811320755,0.18867924528301888,0.9433962264150944,0.6981132075471699,0.169811320754717,1.509433962264151,2.0754716981132075,4.150943396226415,98,80,98,99,77,48,18,60
1859,Pedro Neto,pt POR,FW,Chelsea,eng Premier League,25-058,2000,32,21,2013,22.4,4,5,9,4,0,0,8,0,2.9,2.9,6.1,9.0,118,57,229,Matches,0.17857142857142858,0.22321428571428573,0.4017857142857143,0.12946428571428573,0.27232142857142855,5.267857142857143,2.544642857142857,10.223214285714286,70,86,75,63,97,97,26,95
2371,Ryan Sessegnon,eng ENG,"FW,DF",Fulham,eng Premier League,24-353,2000,13,6,470,5.2,4,2,6,4,0,0,1,0,1.6,1.6,1.0,2.5,14,14,51,Matches,0.7692307692307692,0.3846153846153846,1.1538461538461537,0.3076923076923077,0.1923076923076923,2.692307692307692,2.692307692307692,9.807692307692307,99,96,99,84,82,78,30,94
671,Kevin De Bruyne,be BEL,"MF,FW",Manchester City,eng Premier League,33-312,1991,25,17,1538,17.1,4,7,11,4,0,0,2,0,3.8,3.8,7.6,11.4,47,135,137,Matches,0.23391812865497075,0.4093567251461988,0.6432748538011696,0.22222222222222218,0.44444444444444436,2.7485380116959064,7.894736842105263,8.011695906432747,76,98,92,75,99,79,98,89
628,Marc Cucurella,es ESP,DF,Chelsea,eng Premier League,26-288,1998,33,30,2718,30.2,4,1,5,4,0,0,10,1,2.6,2.6,2.1,4.7,31,107,108,Matches,0.13245033112582782,0.033112582781456956,0.16556291390728478,0.08609271523178809,0.06953642384105961,1.0264900662251655,3.543046357615894,3.576158940397351,64,36,51,53,44,32,55,53
1079,Bruno Guimarães,br BRA,MF,Newcastle Utd,eng Premier League,27-171,1997,35,35,3002,33.4,4,6,10,4,0,0,6,0,3.9,3.9,5.8,9.6,54,247,81,Matches,0.11976047904191617,0.17964071856287425,0.29940119760479045,0.11676646706586827,0.17365269461077845,1.6167664670658684,7.395209580838324,2.4251497005988023,61,78,68,61,78,51,97,40
58,Rayan Aït-Nouri,dz ALG,DF,Wolves,eng Premier League,23-334,2001,34,34,2865,31.8,4,7,11,4,0,0,7,1,2.6,2.6,4.7,7.3,79,100,158,Matches,0.12578616352201258,0.22012578616352202,0.34591194968553457,0.08176100628930817,0.14779874213836477,2.4842767295597485,3.144654088050314,4.968553459119497,63,86,71,50,71,74,43,71
1252,Joelinton,br BRA,"MF,FW",Newcastle Utd,eng Premier League,28-265,1996,29,29,2393,26.6,4,3,7,4,0,0,10,0,3.9,3.9,2.5,6.4,40,116,110,Matches,0.15037593984962405,0.11278195488721804,0.2631578947368421,0.14661654135338345,0.09398496240601503,1.5037593984962405,4.360902255639098,4.135338345864661,67,62,64,67,56,48,72,60
2387,Jota Silva,pt POR,"FW,MF",Nott'ham Forest,eng Premier League,25-278,1999,28,5,844,9.4,3,1,4,3,0,0,5,0,2.0,2.0,2.9,4.9,20,18,58,Matches,0.3191489361702127,0.10638297872340426,0.425531914893617,0.2127659574468085,0.30851063829787234,2.127659574468085,1.9148936170212765,6.170212765957446,84,60,77,74,97,65,13,80
163,Marco Asensio,es ESP,"MF,FW",Aston Villa,eng Premier League,29-105,1996,10,6,540,6.0,3,1,4,3,0,2,1,0,4.2,2.6,0.8,3.4,16,34,26,Matches,0.5,0.16666666666666666,0.6666666666666666,0.7000000000000001,0.13333333333333333,2.6666666666666665,5.666666666666667,4.333333333333333,95,75,92,99,68,78,87,63
2384,Bernardo Silva,pt POR,"MF,FW",Manchester City,eng Premier League,30-269,1994,30,26,2401,26.7,3,4,7,3,0,0,7,0,3.2,3.2,4.4,7.6,94,115,184,Matches,0.11235955056179775,0.149812734082397,0.2621722846441948,0.11985018726591762,0.16479400749063672,3.5205992509363297,4.307116104868914,6.891385767790262,58,71,63,62,76,89,70,84
937,Niclas Füllkrug,de GER,FW,West Ham,eng Premier League,32-086,1993,15,5,668,7.4,3,2,5,3,0,0,2,0,2.0,2.0,1.9,3.9,6,11,25,Matches,0.4054054054054054,0.27027027027027023,0.6756756756756757,0.27027027027027023,0.25675675675675674,0.8108108108108107,1.4864864864864864,3.378378378378378,89,91,92,81,94,24,6,50
216,Carlos Baleba,cm CMR,MF,Brighton,eng Premier League,21-123,2004,31,28,2403,26.7,3,1,4,3,0,0,8,1,3.0,3.0,1.3,4.3,40,111,27,Matches,0.11235955056179775,0.03745318352059925,0.149812734082397,0.11235955056179775,0.04868913857677903,1.4981273408239701,4.157303370786517,1.0112359550561798,58,38,46,60,31,47,68,27
1261,Curtis Jones,eng ENG,"MF,DF",Liverpool,eng Premier League,24-096,2001,30,17,1528,17.0,3,3,6,3,0,0,3,1,4.1,4.1,1.0,5.1,24,95,71,Matches,0.17647058823529413,0.17647058823529413,0.35294117647058826,0.24117647058823527,0.058823529411764705,1.411764705882353,5.588235294117647,4.176470588235294,69,77,72,78,38,45,86,61
1011,João Gomes,br BRA,MF,Wolves,eng Premier League,24-083,2001,33,33,2781,30.9,3,1,4,3,0,0,10,1,2.7,2.7,1.2,3.9,53,148,68,Matches,0.0970873786407767,0.03236245954692557,0.12944983818770228,0.08737864077669903,0.03883495145631068,1.715210355987055,4.789644012944984,2.2006472491909386,55,35,40,53,29,56,79,39
2636,Virgil van Dijk,nl NED,DF,Liverpool,eng Premier League,33-302,1991,35,35,3150,35.0,3,1,4,3,0,0,4,0,2.2,2.2,0.7,3.0,18,180,6,Matches,0.08571428571428572,0.02857142857142857,0.11428571428571428,0.06285714285714286,0.02,0.5142857142857142,5.142857142857143,0.17142857142857143,52,34,36,39,15,14,82,8
2524,Marcus Tavernier,eng ENG,"FW,MF",Bournemouth,eng Premier League,26-045,1999,26,17,1670,18.6,3,5,8,3,0,0,5,0,5.3,5.3,2.8,8.1,41,102,106,Matches,0.16129032258064516,0.26881720430107525,0.4301075268817204,0.28494623655913975,0.15053763440860213,2.204301075268817,5.483870967741935,5.698924731182795,68,91,78,82,72,66,85,76
243,Ross Barkley,eng ENG,MF,Aston Villa,eng Premier League,31-152,1993,18,3,571,6.3,3,1,4,3,0,0,3,0,1.7,1.7,0.6,2.3,15,33,10,Matches,0.4761904761904762,0.15873015873015872,0.6349206349206349,0.2698412698412698,0.09523809523809523,2.380952380952381,5.238095238095238,1.5873015873015874,94,73,91,81,57,71,83,34
1068,Marc Guéhi,eng ENG,DF,Crystal Palace,eng Premier League,24-297,2000,33,33,2969,33.0,3,2,5,3,0,0,9,1,2.0,2.0,1.5,3.5,22,129,10,Matches,0.09090909090909091,0.06060606060606061,0.15151515151515152,0.06060606060606061,0.045454545454545456,0.6666666666666666,3.909090909090909,0.30303030303030304,53,45,46,38,31,20,62,14
1649,Pape Matar Sarr,sn SEN,MF,Tottenham,eng Premier League,22-234,2002,33,19,1726,19.2,3,2,5,3,0,0,6,0,3.3,3.3,1.6,4.9,32,85,50,Matches,0.15625,0.10416666666666667,0.2604166666666667,0.171875,0.08333333333333334,1.6666666666666667,4.427083333333334,2.604166666666667,68,59,63,70,49,54,73,42
765,Abdoulaye Doucouré,ml MLI,MF,Everton,eng Premier League,32-125,1993,30,29,2425,26.9,3,1,4,3,0,0,5,1,3.9,3.9,2.3,6.2,40,78,91,Matches,0.11152416356877325,0.03717472118959108,0.14869888475836432,0.1449814126394052,0.08550185873605948,1.4869888475836432,2.899628252788104,3.382899628252788,57,37,45,66,50,47,37,50
1885,Christopher Nkunku,fr FRA,FW,Chelsea,eng Premier League,27-173,1997,27,9,921,10.2,3,2,5,3,0,0,2,0,4.8,4.8,2.1,6.9,17,25,68,Matches,0.29411764705882354,0.19607843137254904,0.4901960784313726,0.47058823529411764,0.2058823529411765,1.6666666666666667,2.450980392156863,6.666666666666667,82,81,83,95,86,54,24,82
1546,Gabriel Magalhães,br BRA,DF,Arsenal,eng Premier League,27-138,1997,28,28,2363,26.3,3,1,4,3,0,0,4,0,2.6,2.6,0.9,3.5,10,126,11,Matches,0.11406844106463879,0.03802281368821293,0.1520912547528517,0.09885931558935361,0.034220532319391636,0.38022813688212925,4.7908745247148286,0.4182509505703422,59,38,47,56,26,9,79,18
2804,Joshua Zirkzee,nl NED,"FW,MF",Manchester Utd,eng Premier League,23-349,2001,32,14,1402,15.6,3,1,4,3,0,0,2,0,4.8,4.8,1.5,6.3,14,44,69,Matches,0.19230769230769232,0.06410256410256411,0.25641025641025644,0.3076923076923077,0.09615384615384616,0.8974358974358975,2.8205128205128207,4.423076923076923,71,47,63,84,57,27,35,64
750,Jeremy Doku,be BEL,"FW,MF",Manchester City,eng Premier League,22-344,2002,26,15,1397,15.5,3,6,9,3,0,0,1,0,1.0,1.0,4.4,5.4,189,66,259,Matches,0.1935483870967742,0.3870967741935484,0.5806451612903226,0.06451612903225806,0.2838709677419355,12.193548387096774,4.258064516129032,16.70967741935484,72,97,88,40,97,100,70,100
2178,Declan Rice,eng ENG,MF,Arsenal,eng Premier League,26-112,1999,33,31,2645,29.4,3,7,10,3,0,0,7,1,3.3,3.3,6.5,9.7,88,180,92,Matches,0.10204081632653061,0.2380952380952381,0.3401360544217687,0.11224489795918367,0.22108843537414968,2.993197278911565,6.122448979591837,3.1292517006802725,55,88,70,60,89,82,91,47
83,Trent Alexander-Arnold,eng ENG,DF,Liverpool,eng Premier League,26-211,1998,31,28,2296,25.5,3,6,9,3,0,0,5,0,1.8,1.8,6.7,8.5,50,221,90,Matches,0.11764705882352941,0.23529411764705882,0.35294117647058826,0.07058823529411765,0.2627450980392157,1.9607843137254901,8.666666666666666,3.5294117647058822,60,88,72,44,95,61,99,52
2302,Jadon Sancho,eng ENG,FW,Chelsea,eng Premier League,25-042,2000,29,18,1687,18.7,3,4,7,3,0,0,2,0,2.2,2.2,3.6,5.8,98,87,218,Matches,0.16042780748663102,0.21390374331550802,0.37433155080213903,0.11764705882352942,0.19251336898395724,5.240641711229947,4.652406417112299,11.657754010695188,68,84,74,61,82,97,76,97
2319,Pablo Sarabia,es ESP,"MF,FW",Wolves,eng Premier League,32-360,1992,21,6,716,8.0,3,2,5,3,0,0,3,0,2.9,2.9,1.6,4.5,12,51,52,Matches,0.375,0.25,0.625,0.3625,0.2,1.5,6.375,6.5,87,90,91,89,85,47,93,82
1179,Omari Hutchinson,eng ENG,"MF,FW",Ipswich Town,eng Premier League,21-188,2003,28,27,2313,25.7,3,2,5,3,0,0,5,0,2.4,2.4,2.7,5.1,74,71,135,Matches,0.11673151750972763,0.07782101167315175,0.19455252918287938,0.0933852140077821,0.10505836575875488,2.8793774319066148,2.762645914396887,5.252918287937743,60,51,54,55,60,81,32,72
2575,Sandro Tonali,it ITA,MF,Newcastle Utd,eng Premier League,24-363,2000,33,25,2360,26.2,3,2,5,3,0,0,5,0,3.7,3.7,1.4,5.0,33,116,48,Matches,0.11450381679389313,0.07633587786259542,0.19083969465648856,0.14122137404580154,0.05343511450381679,1.2595419847328244,4.427480916030534,1.83206106870229,59,50,53,65,34,40,73,36
1177,Dean Huijsen,es ESP,DF,Bournemouth,eng Premier League,20-022,2005,29,24,2234,24.8,3,1,4,3,0,0,8,0,1.9,1.9,2.0,3.8,36,116,10,Matches,0.12096774193548386,0.04032258064516129,0.16129032258064516,0.07661290322580644,0.08064516129032258,1.4516129032258065,4.67741935483871,0.4032258064516129,62,39,50,48,49,46,77,18
2561,Youri Tielemans,be BEL,MF,Aston Villa,eng Premier League,27-364,1997,35,35,2997,33.3,3,7,10,3,0,1,4,0,3.1,2.3,6.9,9.2,39,234,48,Matches,0.0900900900900901,0.21021021021021022,0.3003003003003003,0.0930930930930931,0.20720720720720723,1.1711711711711712,7.027027027027027,1.4414414414414416,53,84,68,55,87,38,95,32
1155,George Hirst,sct SCO,FW,Ipswich Town,eng Premier League,26-080,1999,23,3,493,5.5,3,1,4,3,0,0,2,0,1.6,1.6,0.3,1.9,9,13,29,Matches,0.5454545454545454,0.18181818181818182,0.7272727272727273,0.29090909090909095,0.05454545454545454,1.6363636363636365,2.3636363636363638,5.2727272727272725,97,78,95,83,35,52,23,73
440,Dominic Calvert-Lewin,eng ENG,FW,Everton,eng Premier League,28-051,1997,23,19,1588,17.6,3,1,4,3,0,0,2,0,6.2,6.2,0.6,6.8,22,19,107,Matches,0.17045454545454544,0.056818181818181816,0.22727272727272727,0.35227272727272724,0.03409090909090909,1.25,1.0795454545454544,6.079545454545454,69,44,61,88,26,40,2,79
2055,Andreas Pereira,br BRA,MF,Fulham,eng Premier League,29-125,1996,31,23,1879,20.9,2,4,6,2,0,1,7,0,3.5,2.7,4.5,7.2,27,99,78,Matches,0.09569377990430622,0.19138755980861244,0.28708133971291866,0.1674641148325359,0.215311004784689,1.291866028708134,4.736842105263158,3.732057416267943,54,81,66,69,88,41,78,55
57,Ola Aina,ng NGA,DF,Nott'ham Forest,eng Premier League,28-210,1996,32,32,2733,30.4,2,1,3,2,0,0,3,0,0.6,0.6,1.1,1.8,59,97,56,Matches,0.06578947368421052,0.03289473684210526,0.09868421052631579,0.019736842105263157,0.03618421052631579,1.9407894736842106,3.1907894736842106,1.842105263157895,46,36,33,11,27,60,45,37
2008,Emerson Palmieri,it ITA,DF,West Ham,eng Premier League,30-276,1994,30,26,2105,23.4,2,1,3,2,0,0,5,0,2.0,2.0,1.5,3.4,47,66,83,Matches,0.08547008547008547,0.042735042735042736,0.12820512820512822,0.08547008547008547,0.06410256410256411,2.0085470085470085,2.8205128205128207,3.5470085470085473,52,40,39,52,41,63,35,52
2111,Pedro Porro,es ESP,DF,Tottenham,eng Premier League,25-235,1999,31,26,2463,27.4,2,6,8,2,0,0,4,0,1.5,1.5,4.0,5.5,63,147,106,Matches,0.07299270072992702,0.21897810218978103,0.29197080291970806,0.05474452554744526,0.14598540145985403,2.2992700729927007,5.364963503649635,3.8686131386861318,49,85,67,36,71,69,84,57
151,Adam Armstrong,eng ENG,"FW,MF",Southampton,eng Premier League,28-085,1997,20,15,1248,13.9,2,2,4,2,0,1,4,0,3.3,2.3,1.2,3.5,25,21,79,Matches,0.14388489208633093,0.14388489208633093,0.28776978417266186,0.23741007194244604,0.08633093525179855,1.7985611510791366,1.5107913669064748,5.683453237410072,66,69,66,77,50,58,7,76
2151,Marcus Rashford,eng ENG,FW,Aston Villa,eng Premier League,27-187,1997,10,4,444,4.9,2,2,4,1,1,1,0,0,3.1,2.3,2.3,4.5,22,13,42,Matches,0.4081632653061224,0.4081632653061224,0.8163265306122448,0.6326530612244897,0.4693877551020407,4.489795918367347,2.6530612244897958,8.571428571428571,89,97,97,98,100,93,28,91
122,Elliot Anderson,eng ENG,MF,Nott'ham Forest,eng Premier League,22-181,2002,34,30,2467,27.4,2,6,8,2,0,0,7,0,1.8,1.8,3.1,4.9,46,128,87,Matches,0.07299270072992702,0.21897810218978103,0.29197080291970806,0.06569343065693431,0.11313868613138688,1.6788321167883213,4.671532846715329,3.175182481751825,49,85,67,41,62,54,76,48
749,Matt Doherty,ie IRL,DF,Wolves,eng Premier League,33-110,1992,28,23,1965,21.8,2,1,3,2,0,0,6,0,1.0,1.0,1.5,2.5,29,76,40,Matches,0.09174311926605504,0.04587155963302752,0.13761467889908258,0.04587155963302752,0.06880733944954129,1.3302752293577982,3.4862385321100917,1.8348623853211008,53,41,42,31,44,42,54,36
1333,Milos Kerkez,hu HUN,DF,Bournemouth,eng Premier League,21-180,2003,35,35,3077,34.2,2,5,7,2,0,0,4,0,0.5,0.5,3.7,4.2,96,144,169,Matches,0.05847953216374269,0.14619883040935672,0.2046783625730994,0.014619883040935672,0.10818713450292397,2.807017543859649,4.2105263157894735,4.9415204678362565,44,70,56,7,61,79,69,70
435,Riccardo Calafiori,it ITA,DF,Arsenal,eng Premier League,22-352,2002,17,11,925,10.3,2,1,3,2,0,0,4,0,0.9,0.9,0.3,1.1,21,54,29,Matches,0.1941747572815534,0.0970873786407767,0.2912621359223301,0.08737864077669903,0.029126213592233007,2.0388349514563107,5.242718446601941,2.815533980582524,72,56,67,53,22,64,84,44
834,Julio Enciso,py PAR,"FW,MF",Ipswich Town,eng Premier League,21-103,2004,11,10,709,7.9,2,3,5,2,0,0,3,0,1.5,1.5,1.2,2.7,16,22,33,Matches,0.2531645569620253,0.37974683544303794,0.6329113924050632,0.18987341772151897,0.15189873417721517,2.0253164556962022,2.7848101265822782,4.177215189873418,77,96,91,71,73,63,33,61
2707,Aaron Wan-Bissaka,eng ENG,DF,West Ham,eng Premier League,27-161,1997,33,32,2884,32.0,2,3,5,2,0,0,1,0,1.2,1.2,3.2,4.4,101,132,150,Matches,0.0625,0.09375,0.15625,0.0375,0.1,3.15625,4.125,4.6875,46,53,48,24,58,84,66,68
885,Mateus Fernandes,pt POR,MF,Southampton,eng Premier League,20-300,2004,33,31,2640,29.3,2,3,5,2,0,0,8,0,3.8,3.8,2.6,6.4,73,131,102,Matches,0.06825938566552901,0.10238907849829351,0.1706484641638225,0.1296928327645051,0.08873720136518772,2.4914675767918086,4.47098976109215,3.4812286689419794,48,58,52,63,53,74,73,52
644,Mikkel Damsgaard,dk DEN,"MF,FW",Brentford,eng Premier League,24-307,2000,35,31,2658,29.5,2,10,12,2,0,0,2,0,2.6,2.6,7.8,10.4,64,213,121,Matches,0.06779661016949153,0.3389830508474576,0.4067796610169492,0.08813559322033898,0.26440677966101694,2.169491525423729,7.220338983050848,4.101694915254237,48,94,76,53,95,66,96,59
1066,Gonçalo Guedes,pt POR,"MF,FW",Wolves,eng Premier League,28-158,1996,26,7,783,8.7,2,4,6,2,0,0,1,0,2.2,2.2,1.1,3.3,32,31,60,Matches,0.2298850574712644,0.4597701149425288,0.6896551724137931,0.25287356321839083,0.12643678160919541,3.6781609195402303,3.563218390804598,6.8965517241379315,75,98,93,79,66,89,56,84
1154,Jack Hinshelwood,eng ENG,"DF,MF",Brighton,eng Premier League,20-025,2005,23,21,1744,19.4,2,2,4,2,0,0,5,0,1.5,1.5,1.3,2.8,18,63,47,Matches,0.10309278350515465,0.10309278350515465,0.2061855670103093,0.07731958762886598,0.06701030927835053,0.9278350515463918,3.2474226804123716,2.4226804123711343,56,59,56,48,42,29,46,39
571,Nathan Collins,ie IRL,DF,Brentford,eng Premier League,24-006,2001,35,35,3150,35.0,2,3,5,2,0,0,5,0,2.5,2.5,1.8,4.3,28,117,18,Matches,0.05714285714285714,0.08571428571428572,0.14285714285714285,0.07142857142857142,0.05142857142857143,0.8,3.342857142857143,0.5142857142857142,43,52,44,45,32,23,50,22
549,Ryan Christie,sct SCO,MF,Bournemouth,eng Premier League,30-073,1995,29,27,2117,23.5,2,3,5,2,0,0,9,0,1.8,1.8,3.5,5.4,34,137,44,Matches,0.0851063829787234,0.1276595744680851,0.2127659574468085,0.07659574468085106,0.14893617021276595,1.446808510638298,5.829787234042553,1.872340425531915,52,67,58,47,72,46,88,37
488,Fabio Carvalho,pt POR,"FW,MF",Brentford,eng Premier League,22-249,2002,19,3,455,5.1,2,1,3,2,0,0,1,0,2.5,2.5,0.7,3.2,9,17,23,Matches,0.3921568627450981,0.19607843137254904,0.5882352941176471,0.4901960784313726,0.13725490196078433,1.7647058823529413,3.3333333333333335,4.509803921568627,88,81,89,96,69,57,49,65
1281,James Justin,eng ENG,DF,Leicester City,eng Premier League,27-072,1998,33,31,2669,29.7,2,1,3,2,0,0,5,0,1.5,1.5,0.6,2.1,39,87,92,Matches,0.06734006734006734,0.03367003367003367,0.10101010101010101,0.050505050505050504,0.0202020202020202,1.3131313131313131,2.9292929292929295,3.0976430976430978,47,36,33,33,16,42,38,47
1335,Bilal El Khannouss,ma MAR,MF,Leicester City,eng Premier League,20-361,2004,30,25,2003,22.3,2,3,5,2,0,0,4,0,1.1,1.1,4.1,5.2,71,119,83,Matches,0.08968609865470852,0.13452914798206278,0.22421524663677128,0.04932735426008969,0.18385650224215244,3.1838565022421523,5.336322869955157,3.7219730941704037,52,68,60,32,81,85,84,54
2814,Martin Ødegaard,no NOR,MF,Arsenal,eng Premier League,26-140,1998,27,24,2130,23.7,2,7,9,1,1,1,4,0,4.6,3.8,5.0,8.8,82,240,144,Matches,0.08438818565400844,0.29535864978902954,0.379746835443038,0.1940928270042194,0.2109704641350211,3.459915611814346,10.126582278481013,6.075949367088608,51,92,74,72,88,87,100,79
1430,Tariq Lamptey,gh GHA,DF,Brighton,eng Premier League,24-218,2000,14,9,802,8.9,2,2,4,2,0,0,0,0,0.4,0.4,0.8,1.2,28,12,43,Matches,0.2247191011235955,0.2247191011235955,0.449438202247191,0.0449438202247191,0.0898876404494382,3.1460674157303368,1.348314606741573,4.831460674157303,75,87,79,30,54,84,5,69
2760,Ryan Yates,eng ENG,MF,Nott'ham Forest,eng Premier League,27-166,1997,32,18,1874,20.8,2,1,3,2,0,0,10,0,2.3,2.3,1.1,3.4,17,48,14,Matches,0.09615384615384615,0.04807692307692307,0.14423076923076922,0.11057692307692306,0.052884615384615384,0.8173076923076923,2.3076923076923075,0.673076923076923,54,41,44,59,33,24,21,23
283,Jean-Ricner Bellegarde,fr FRA,"MF,FW",Wolves,eng Premier League,26-313,1998,32,19,1551,17.2,2,6,8,2,0,0,3,0,1.3,1.3,3.6,4.9,49,39,83,Matches,0.11627906976744186,0.3488372093023256,0.46511627906976744,0.07558139534883722,0.20930232558139536,2.8488372093023258,2.2674418604651163,4.825581395348838,59,95,80,47,88,80,21,69
1632,Lisandro Martínez,ar ARG,DF,Manchester Utd,eng Premier League,27-108,1998,20,20,1751,19.5,2,1,3,2,0,0,7,0,1.3,1.3,1.1,2.4,23,117,7,Matches,0.10256410256410256,0.05128205128205128,0.15384615384615385,0.06666666666666667,0.05641025641025642,1.1794871794871795,6.0,0.358974358974359,56,42,47,42,37,38,90,17
31,Simon Adingra,ci CIV,"FW,MF",Brighton,eng Premier League,23-125,2002,26,10,956,10.6,2,1,3,2,0,0,0,0,2.2,2.2,1.8,4.0,37,14,119,Matches,0.18867924528301888,0.09433962264150944,0.2830188679245283,0.2075471698113208,0.169811320754717,3.4905660377358494,1.3207547169811322,11.226415094339623,71,54,66,73,77,88,5,96
2589,Adama Traoré,es ESP,"FW,MF",Fulham,eng Premier League,29-101,1996,33,16,1592,17.7,2,6,8,2,0,0,3,0,3.9,3.9,4.7,8.6,89,61,145,Matches,0.11299435028248588,0.33898305084745767,0.4519774011299435,0.22033898305084745,0.2655367231638418,5.028248587570622,3.446327683615819,8.192090395480227,58,94,80,75,95,95,53,90
2533,Mathys Tel,fr FRA,FW,Tottenham,eng Premier League,20-009,2005,10,8,649,7.2,2,1,3,1,1,1,1,0,2.3,1.5,1.4,2.9,18,16,57,Matches,0.2777777777777778,0.1388888888888889,0.41666666666666663,0.3194444444444444,0.19444444444444442,2.5,2.2222222222222223,7.916666666666666,80,69,76,86,84,75,20,87
2454,Djed Spence,eng ENG,DF,Tottenham,eng Premier League,24-270,2000,22,17,1604,17.8,1,2,3,1,0,0,4,1,0.6,0.6,1.8,2.3,56,100,70,Matches,0.056179775280898875,0.11235955056179775,0.16853932584269662,0.033707865168539325,0.10112359550561797,3.1460674157303368,5.617977528089887,3.932584269662921,43,62,51,22,59,84,86,58
2729,Mats Wieffer,nl NED,"MF,DF",Brighton,eng Premier League,25-171,1999,22,7,745,8.3,1,3,4,1,0,0,5,0,0.7,0.7,1.5,2.2,13,52,18,Matches,0.12048192771084336,0.36144578313253006,0.48192771084337344,0.08433734939759036,0.18072289156626503,1.5662650602409638,6.265060240963855,2.1686746987951806,61,95,82,52,80,50,92,38
2491,Crysencio Summerville,nl NED,"FW,MF",West Ham,eng Premier League,23-188,2001,19,7,786,8.7,1,1,2,1,0,0,2,0,1.6,1.6,1.7,3.3,29,18,71,Matches,0.1149425287356322,0.1149425287356322,0.2298850574712644,0.18390804597701152,0.19540229885057472,3.3333333333333335,2.0689655172413794,8.160919540229886,59,63,61,71,84,85,17,89
2521,James Tarkowski,eng ENG,DF,Everton,eng Premier League,32-168,1992,33,33,2922,32.5,1,1,2,1,0,0,6,0,1.3,1.3,2.9,4.2,9,75,3,Matches,0.03076923076923077,0.03076923076923077,0.06153846153846154,0.04,0.08923076923076922,0.27692307692307694,2.3076923076923075,0.09230769230769231,35,34,24,26,54,5,21,4
2765,Ashley Young,eng ENG,"DF,FW",Everton,eng Premier League,39-301,1985,29,17,1622,18.0,1,3,4,1,0,0,6,1,0.3,0.3,1.6,1.8,20,83,27,Matches,0.05555555555555555,0.16666666666666666,0.2222222222222222,0.016666666666666666,0.08888888888888889,1.1111111111111112,4.611111111111111,1.5,43,75,60,9,53,36,75,33
2611,Lesley Ugochukwu,fr FRA,MF,Southampton,eng Premier League,21-041,2004,24,16,1525,16.9,1,1,2,1,0,0,6,0,0.9,0.9,1.0,1.9,29,49,20,Matches,0.0591715976331361,0.0591715976331361,0.1183431952662722,0.053254437869822494,0.0591715976331361,1.7159763313609468,2.899408284023669,1.183431952662722,44,45,37,35,39,56,37,29
2733,Neco Williams,wls WAL,DF,Nott'ham Forest,eng Premier League,24-023,2001,32,25,2324,25.8,1,3,4,1,0,0,7,0,2.3,2.3,1.5,3.8,60,82,86,Matches,0.03875968992248062,0.11627906976744186,0.15503875968992248,0.08914728682170542,0.05813953488372093,2.3255813953488373,3.1782945736434107,3.333333333333333,39,63,48,54,38,70,44,50
2610,Manuel Ugarte Ribeiro,uy URU,MF,Manchester Utd,eng Premier League,24-025,2001,27,21,1706,19.0,1,2,3,1,0,0,10,0,1.0,1.0,1.1,2.1,16,59,20,Matches,0.05263157894736842,0.10526315789473684,0.15789473684210525,0.05263157894736842,0.05789473684210527,0.8421052631578947,3.1052631578947367,1.0526315789473684,42,59,48,35,37,25,42,28
2564,Jurriën Timber,nl NED,DF,Arsenal,eng Premier League,23-323,2001,30,27,2417,26.9,1,3,4,1,0,0,7,0,1.2,1.2,0.8,2.1,57,146,104,Matches,0.03717472118959108,0.11152416356877325,0.14869888475836432,0.04460966542750929,0.029739776951672865,2.1189591078066914,5.4275092936802976,3.866171003717472,38,62,45,29,23,65,85,57
2434,Carlos Soler,es ESP,"MF,FW",West Ham,eng Premier League,28-124,1997,29,14,1358,15.1,1,1,2,1,0,0,5,0,1.7,1.7,1.2,2.9,16,52,33,Matches,0.06622516556291391,0.06622516556291391,0.13245033112582782,0.11258278145695365,0.07947019867549669,1.0596026490066226,3.4437086092715234,2.185430463576159,47,47,41,60,48,34,52,38
2487,Yukinari Sugawara,jp JPN,"DF,MF",Southampton,eng Premier League,24-312,2000,29,15,1467,16.3,1,1,2,1,0,0,4,0,0.5,0.5,2.2,2.7,32,68,76,Matches,0.06134969325153374,0.06134969325153374,0.12269938650306748,0.03067484662576687,0.13496932515337423,1.9631901840490797,4.171779141104294,4.662576687116564,45,45,38,19,68,62,68,67
2490,Kamaldeen Sulemana,gh GHA,"FW,MF",Southampton,eng Premier League,23-080,2002,23,14,1178,13.1,1,1,2,1,0,0,2,0,1.4,1.4,1.0,2.4,57,26,76,Matches,0.07633587786259542,0.07633587786259542,0.15267175572519084,0.10687022900763359,0.07633587786259542,4.351145038167939,1.984732824427481,5.801526717557252,50,50,47,59,47,92,16,77
28,Tosin Adarabioyo,eng ENG,DF,Chelsea,eng Premier League,27-224,1997,20,13,1229,13.7,1,1,2,1,0,0,3,0,0.9,0.9,0.2,1.1,5,37,1,Matches,0.07299270072992702,0.07299270072992702,0.14598540145985403,0.06569343065693431,0.014598540145985403,0.36496350364963503,2.7007299270072993,0.07299270072992702,49,49,44,41,9,8,30,3
2328,Sávio,br BRA,"FW,MF",Manchester City,eng Premier League,21-026,2004,27,21,1734,19.3,1,8,9,1,0,0,3,0,4.9,4.9,6.8,11.6,133,66,239,Matches,0.05181347150259067,0.41450777202072536,0.46632124352331605,0.2538860103626943,0.35233160621761656,6.891191709844559,3.419689119170984,12.38341968911917,42,98,81,79,98,98,51,98
1125,Jan Paul van Hecke,nl NED,DF,Brighton,eng Premier League,24-332,2000,31,30,2688,29.9,1,1,2,1,0,0,8,1,1.3,1.3,1.5,2.7,53,216,5,Matches,0.033444816053511704,0.033444816053511704,0.06688963210702341,0.04347826086956522,0.05016722408026756,1.7725752508361206,7.224080267558529,0.16722408026755853,37,36,27,28,31,57,96,8
78,Carlos Alcaraz,ar ARG,"FW,MF",Everton,eng Premier League,22-157,2002,12,5,580,6.4,1,2,3,1,0,0,4,0,1.3,1.3,1.5,2.8,15,37,17,Matches,0.15625,0.3125,0.46875,0.203125,0.234375,2.34375,5.78125,2.65625,68,93,81,73,91,70,88,43
133,Michail Antonio,jm JAM,FW,West Ham,eng Premier League,35-039,1990,14,11,836,9.3,1,1,2,1,0,0,1,0,2.2,2.2,1.6,3.8,29,18,59,Matches,0.1075268817204301,0.1075268817204301,0.2150537634408602,0.23655913978494625,0.17204301075268816,3.118279569892473,1.9354838709677418,6.344086021505376,57,61,58,77,77,83,15,81
180,Yasin Ayari,se SWE,MF,Brighton,eng Premier League,21-212,2003,31,19,1759,19.5,1,1,2,1,0,0,3,0,2.2,2.2,2.2,4.4,30,69,59,Matches,0.05128205128205128,0.05128205128205128,0.10256410256410256,0.11282051282051284,0.11282051282051284,1.5384615384615385,3.5384615384615383,3.0256410256410255,42,42,34,60,62,50,55,47
202,Leon Bailey,jm JAM,"FW,MF",Aston Villa,eng Premier League,27-270,1997,23,14,1138,12.6,1,2,3,1,0,0,3,0,1.7,1.7,1.5,3.3,57,35,121,Matches,0.07936507936507936,0.15873015873015872,0.2380952380952381,0.1349206349206349,0.11904761904761905,4.523809523809524,2.7777777777777777,9.603174603174603,50,73,62,64,64,94,32,94
430,Moisés Caicedo,ec ECU,"MF,DF",Chelsea,eng Premier League,23-185,2001,35,35,3081,34.2,1,2,3,1,0,0,10,0,0.8,0.8,3.0,3.7,38,197,33,Matches,0.029239766081871343,0.05847953216374269,0.08771929824561403,0.023391812865497075,0.08771929824561403,1.111111111111111,5.760233918128654,0.9649122807017543,34,44,31,14,52,35,87,26
496,Matty Cash,pl POL,DF,Aston Villa,eng Premier League,27-272,1997,24,21,1800,20.0,1,1,2,1,0,0,6,0,0.3,0.3,1.1,1.4,46,39,75,Matches,0.05,0.05,0.1,0.015,0.05500000000000001,2.3,1.95,3.75,41,42,33,8,35,69,16,55
522,Conor Chaplin,eng ENG,"MF,FW",Ipswich Town,eng Premier League,28-079,1997,19,8,712,7.9,1,1,2,1,0,0,2,0,1.2,1.2,0.7,1.9,11,26,20,Matches,0.12658227848101264,0.12658227848101264,0.2531645569620253,0.15189873417721517,0.08860759493670885,1.3924050632911391,3.291139240506329,2.531645569620253,63,66,62,67,53,44,47,41
576,Levi Colwill,eng ENG,DF,Chelsea,eng Premier League,22-069,2003,32,32,2879,32.0,1,1,2,1,0,0,8,0,1.3,1.3,1.1,2.5,13,125,11,Matches,0.03125,0.03125,0.0625,0.040625,0.034375,0.40625,3.90625,0.34375,36,34,26,26,26,10,62,16
587,Lewis Cook,eng ENG,"MF,DF",Bournemouth,eng Premier League,28-092,1997,34,30,2816,31.3,1,3,4,1,0,0,8,0,0.9,0.9,4.1,5.1,33,153,49,Matches,0.03194888178913738,0.09584664536741214,0.12779552715654952,0.02875399361022364,0.13099041533546324,1.0543130990415335,4.888178913738019,1.5654952076677315,36,55,39,18,67,33,80,33
667,Leif Davis,eng ENG,DF,Ipswich Town,eng Premier League,25-114,2000,31,30,2563,28.5,1,2,3,1,0,0,5,1,0.9,0.9,4.3,5.2,48,55,117,Matches,0.03508771929824561,0.07017543859649122,0.10526315789473684,0.031578947368421054,0.15087719298245614,1.6842105263157894,1.9298245614035088,4.105263157894737,37,47,34,20,73,55,14,60
672,Bobby De Cordova-Reid,jm JAM,FW,Leicester City,eng Premier League,32-093,1993,23,9,744,8.3,1,2,3,1,0,0,2,0,0.8,0.8,1.2,2.0,14,15,48,Matches,0.12048192771084336,0.24096385542168672,0.36144578313253006,0.09638554216867469,0.14457831325301204,1.686746987951807,1.8072289156626504,5.783132530120481,61,89,72,56,70,55,11,77
850,Pervis Estupiñán,ec ECU,DF,Brighton,eng Premier League,27-105,1998,28,24,2222,24.7,1,1,2,1,0,0,5,0,1.1,1.1,2.1,3.1,55,116,107,Matches,0.04048582995951417,0.04048582995951417,0.08097165991902834,0.04453441295546559,0.08502024291497977,2.2267206477732793,4.696356275303644,4.331983805668016,39,40,30,29,50,67,77,63
1047,Jack Grealish,eng ENG,"FW,MF",Manchester City,eng Premier League,29-238,1995,19,7,720,8.0,1,1,2,1,0,0,3,0,1.1,1.1,1.8,3.0,69,52,118,Matches,0.125,0.125,0.25,0.1375,0.225,8.625,6.5,14.75,62,66,62,65,89,99,94,99
1230,Vitaly Janelt,de GER,MF,Brentford,eng Premier League,26-361,1998,32,27,2254,25.0,1,3,4,1,0,0,3,0,0.8,0.8,2.2,3.0,17,80,38,Matches,0.04,0.12,0.16,0.032,0.08800000000000001,0.68,3.2,1.52,39,64,50,21,52,20,45,33
2145,Jacob Ramsey,eng ENG,"FW,MF",Aston Villa,eng Premier League,23-343,2001,27,18,1516,16.8,1,3,4,1,0,0,2,0,1.5,1.5,2.3,3.7,57,67,105,Matches,0.05952380952380952,0.17857142857142858,0.23809523809523808,0.08928571428571429,0.1369047619047619,3.392857142857143,3.988095238095238,6.25,44,78,61,54,69,86,64,81
1256,Ben Johnson,eng ENG,"DF,FW",Ipswich Town,eng Premier League,25-102,2000,22,14,1348,15.0,1,2,3,1,0,0,5,1,1.1,1.1,1.3,2.3,16,26,33,Matches,0.06666666666666667,0.13333333333333333,0.2,0.07333333333333333,0.08666666666666667,1.0666666666666667,1.7333333333333334,2.2,47,68,55,46,51,34,10,38
1369,Ibrahima Konaté,fr FRA,DF,Liverpool,eng Premier League,25-346,1999,28,27,2320,25.8,1,2,3,1,0,0,5,0,1.7,1.7,1.0,2.7,21,103,3,Matches,0.03875968992248062,0.07751937984496124,0.11627906976744186,0.06589147286821705,0.03875968992248062,0.813953488372093,3.992248062015504,0.11627906976744186,39,50,36,41,29,24,65,5
1421,Maxence Lacroix,fr FRA,DF,Crystal Palace,eng Premier League,25-030,2000,32,32,2846,31.6,1,1,2,1,0,0,5,0,3.1,3.1,0.8,3.9,8,61,7,Matches,0.03164556962025316,0.03164556962025316,0.06329113924050632,0.0981012658227848,0.02531645569620253,0.2531645569620253,1.930379746835443,0.22151898734177214,36,35,26,56,19,4,15,11
1459,Mario Lemina,ga GAB,"MF,DF",Wolves,eng Premier League,31-247,1993,17,15,1364,15.2,1,3,4,1,0,0,4,0,1.4,1.4,1.1,2.5,8,48,21,Matches,0.06578947368421052,0.19736842105263158,0.2631578947368421,0.09210526315789473,0.07236842105263158,0.5263157894736842,3.1578947368421053,1.381578947368421,46,82,64,55,45,15,44,30
1470,Rico Lewis,eng ENG,"DF,MF",Manchester City,eng Premier League,20-166,2004,27,20,1818,20.2,1,2,3,1,0,0,5,1,1.4,1.4,0.3,1.7,36,104,68,Matches,0.04950495049504951,0.09900990099009901,0.1485148514851485,0.0693069306930693,0.01485148514851485,1.7821782178217822,5.148514851485149,3.3663366336633667,41,56,45,43,9,58,82,50
1536,Ian Maatsen,nl NED,DF,Aston Villa,eng Premier League,23-057,2002,26,8,957,10.6,1,2,3,1,0,0,2,0,0.8,0.8,2.7,3.5,27,40,91,Matches,0.09433962264150944,0.18867924528301888,0.2830188679245283,0.07547169811320756,0.25471698113207547,2.547169811320755,3.7735849056603774,8.584905660377359,54,80,66,47,94,76,60,92
1678,John McGinn,sct SCO,"MF,FW",Aston Villa,eng Premier League,30-200,1994,31,25,2052,22.8,1,4,5,1,0,0,7,0,2.9,2.6,3.4,6.0,31,96,72,Matches,0.043859649122807015,0.17543859649122806,0.21929824561403508,0.12719298245614033,0.14912280701754385,1.3596491228070176,4.2105263157894735,3.1578947368421053,40,76,59,62,72,43,69,48
1774,Sam Morsy,eg EGY,MF,Ipswich Town,eng Premier League,33-238,1991,30,28,2486,27.6,1,1,2,1,0,0,10,0,0.3,0.3,0.8,1.2,16,104,9,Matches,0.036231884057971016,0.036231884057971016,0.07246376811594203,0.010869565217391304,0.028985507246376812,0.5797101449275363,3.7681159420289854,0.32608695652173914,38,37,28,5,22,17,59,15
1796,Marshall Munetsi,zw ZIM,"MF,FW",Wolves,eng Premier League,28-318,1996,11,10,878,9.8,1,1,2,1,0,0,0,0,3.0,3.0,1.5,4.5,7,8,26,Matches,0.1020408163265306,0.1020408163265306,0.2040816326530612,0.3061224489795918,0.1530612244897959,0.7142857142857142,0.8163265306122448,2.6530612244897958,55,58,55,84,73,21,1,43
1854,Reiss Nelson,eng ENG,FW,Fulham,eng Premier League,25-147,1999,11,5,487,5.4,1,1,2,1,0,0,1,0,1.1,1.1,1.0,2.1,45,35,63,Matches,0.18518518518518517,0.18518518518518517,0.37037037037037035,0.20370370370370372,0.18518518518518517,8.333333333333332,6.481481481481481,11.666666666666666,71,79,73,73,81,99,94,97
1883,Eddie Nketiah,eng ENG,"FW,MF",Crystal Palace,eng Premier League,25-341,1999,26,8,895,9.9,1,1,2,1,0,0,6,1,4.5,4.5,1.6,6.1,38,17,68,Matches,0.10101010101010101,0.10101010101010101,0.20202020202020202,0.45454545454545453,0.16161616161616163,3.8383838383838382,1.7171717171717171,6.8686868686868685,55,57,55,94,76,90,9,83
1898,Matheus Nunes,pt POR,"DF,MF",Manchester City,eng Premier League,26-252,1998,24,17,1494,16.6,1,5,6,1,0,0,4,0,0.9,0.9,4.2,5.1,59,69,156,Matches,0.06024096385542168,0.3012048192771084,0.36144578313253006,0.05421686746987951,0.25301204819277107,3.5542168674698793,4.156626506024096,9.397590361445783,45,93,72,35,93,89,67,94
1910,Matt O'Riley,dk DEN,MF,Brighton,eng Premier League,24-166,2000,18,10,847,9.4,1,1,2,1,0,0,1,0,2.0,2.0,1.7,3.6,19,34,47,Matches,0.10638297872340426,0.10638297872340426,0.2127659574468085,0.2127659574468085,0.18085106382978722,2.021276595744681,3.6170212765957444,5.0,57,60,58,74,80,63,56,71
1471,Keane Lewis-Potter,eng ENG,"DF,FW",Brentford,eng Premier League,24-073,2001,35,33,2839,31.5,1,3,4,1,0,0,6,0,2.6,2.6,3.0,5.6,92,90,144,Matches,0.031746031746031744,0.09523809523809523,0.12698412698412698,0.08253968253968254,0.09523809523809523,2.9206349206349205,2.857142857142857,4.571428571428571,36,55,39,51,57,81,36,66
