id,minute,result,X,Y,xG,player,h_a,player_id,situation,season,shotType,match_id,h_team,a_team,h_goals,a_goals,date,player_assisted,lastAction,x_scaled,y_scaled
637500,2,SavedShot,0.7619999694824219,0.6990000152587891,0.0146010080352425,Hugo Ekitike,h,8995,OpenPlay,2025,RightFoot,28778,Liverpool,Bournemouth,4,2,2025-08-15 19:00:00,Cody Gakpo,Pass,28.56000366210938,55.92000122070313
637501,3,SavedShot,0.855999984741211,0.3129999923706055,0.0426560491323471,Mohamed Salah,h,1250,OpenPlay,2025,LeftFoot,28778,Liverpool,Bournemouth,4,2,2025-08-15 19:00:00,Hugo Ekitike,Pass,17.280001831054676,25.03999938964844
637502,4,MissedShots,0.914000015258789,0.505,0.2579754292964935,Virgil van Dijk,h,833,FromCorner,2025,Head,28778,Liverpool,Bournemouth,4,2,2025-08-15 19:00:00,Mohamed Salah,Cross,10.319998168945318,40.4
637505,30,SavedShot,0.9119999694824219,0.5320000076293945,0.0776621475815773,Virgil van Dijk,h,833,FromCorner,2025,Head,28778,Liverpool,Bournemouth,4,2,2025-08-15 19:00:00,Florian Wirtz,Cross,10.560003662109366,42.56000061035156
637507,36,Goal,0.8909999847412109,0.524000015258789,0.404091328382492,Hugo Ekitike,h,8995,OpenPlay,2025,RightFoot,28778,Liverpool,Bournemouth,4,2,2025-08-15 19:00:00,Alexis Mac Allister,TakeOn,13.080001831054688,41.92000122070312
637508,38,MissedShots,0.9419999694824219,0.4829999923706055,0.534849226474762,Hugo Ekitike,h,8995,OpenPlay,2025,Head,28778,Liverpool,Bournemouth,4,2,2025-08-15 19:00:00,Cody Gakpo,Cross,6.960003662109372,38.63999938964844
637513,46,MissedShots,0.960999984741211,0.5209999847412109,0.1347046047449112,Hugo Ekitike,h,8995,FromCorner,2025,OtherBodyPart,28778,Liverpool,Bournemouth,4,2,2025-08-15 19:00:00,Florian Wirtz,Aerial,4.680001831054682,41.679998779296874
637511,47,BlockedShot,0.85,0.42700000762939455,0.1133756041526794,Mohamed Salah,h,1250,OpenPlay,2025,LeftFoot,28778,Liverpool,Bournemouth,4,2,2025-08-15 19:00:00,Cody Gakpo,Pass,18.0,34.16000061035157
637514,48,Goal,0.850999984741211,0.49200000762939455,0.0957067683339119,Cody Gakpo,h,11296,OpenPlay,2025,RightFoot,28778,Liverpool,Bournemouth,4,2,2025-08-15 19:00:00,Hugo Ekitike,Pass,17.880001831054685,39.36000061035156
637515,51,SavedShot,0.76,0.34799999237060547,0.0271507985889911,Alexis Mac Allister,h,8379,OpenPlay,2025,RightFoot,28778,Liverpool,Bournemouth,4,2,2025-08-15 19:00:00,Florian Wirtz,LayOff,28.799999999999997,27.839999389648437
637516,52,BlockedShot,0.754000015258789,0.37200000762939456,0.015647554770112,Jeremie Frimpong,h,9328,FromCorner,2025,RightFoot,28778,Liverpool,Bournemouth,4,2,2025-08-15 19:00:00,,None,29.51999816894532,29.760000610351565
637517,53,MissedShots,0.7090000152587891,0.5570000076293945,0.0145673053339123,Dominik Szoboszlai,h,9788,OpenPlay,2025,RightFoot,28778,Liverpool,Bournemouth,4,2,2025-08-15 19:00:00,,None,34.91999816894531,44.56000061035156
637518,62,MissedShots,0.84,0.45799999237060546,0.1110386252403259,Florian Wirtz,h,8397,OpenPlay,2025,RightFoot,28778,Liverpool,Bournemouth,4,2,2025-08-15 19:00:00,Dominik Szoboszlai,Pass,19.200000000000003,36.63999938964844
637520,69,SavedShot,0.8519999694824218,0.7609999847412109,0.0329975113272666,Cody Gakpo,h,11296,OpenPlay,2025,RightFoot,28778,Liverpool,Bournemouth,4,2,2025-08-15 19:00:00,Dominik Szoboszlai,Pass,17.760003662109384,60.87999877929687
637524,79,MissedShots,0.855,0.4420000076293945,0.0939060449600219,Dominik Szoboszlai,h,9788,OpenPlay,2025,LeftFoot,28778,Liverpool,Bournemouth,4,2,2025-08-15 19:00:00,Curtis Jones,Pass,17.400000000000006,35.36000061035156
637525,80,SavedShot,0.865,0.33599998474121096,0.0511729903519153,Dominik Szoboszlai,h,9788,OpenPlay,2025,RightFoot,28778,Liverpool,Bournemouth,4,2,2025-08-15 19:00:00,Mohamed Salah,Pass,16.200000000000003,26.879998779296876
637526,87,MissedShots,0.909000015258789,0.624000015258789,0.0700523033738136,Cody Gakpo,h,11296,SetPiece,2025,RightFoot,28778,Liverpool,Bournemouth,4,2,2025-08-15 19:00:00,,None,10.919998168945312,49.92000122070312
637527,87,Goal,0.8980000305175782,0.534000015258789,0.0990132465958595,Federico Chiesa,h,1433,OpenPlay,2025,RightFoot,28778,Liverpool,Bournemouth,4,2,2025-08-15 19:00:00,,None,12.239996337890616,42.720001220703125
637528,93,Goal,0.899000015258789,0.6129999923706054,0.1389048248529434,Mohamed Salah,h,1250,OpenPlay,2025,RightFoot,28778,Liverpool,Bournemouth,4,2,2025-08-15 19:00:00,Wataru Endo,BallRecovery,12.119998168945315,49.039999389648436
637503,5,MissedShots,0.9080000305175782,0.44400001525878907,0.3169209659099579,Antoine Semenyo,a,11363,OpenPlay,2025,RightFoot,28778,Liverpool,Bournemouth,4,2,2025-08-15 19:00:00,Adrien Truffert,Cross,108.96000366210939,44.47999877929688
637504,9,MissedShots,0.9490000152587891,0.4109999847412109,0.071727454662323,Evanilson,a,12963,FromCorner,2025,Head,28778,Liverpool,Bournemouth,4,2,2025-08-15 19:00:00,David Brooks,Cross,113.88000183105468,47.12000122070313
637506,34,SavedShot,0.87,0.5209999847412109,0.3510007560253143,Marcus Tavernier,a,10741,OpenPlay,2025,RightFoot,28778,Liverpool,Bournemouth,4,2,2025-08-15 19:00:00,Adam Smith,Pass,104.4,38.320001220703126
637509,41,BlockedShot,0.855,0.685,0.0386302769184112,David Brooks,a,6820,OpenPlay,2025,RightFoot,28778,Liverpool,Bournemouth,4,2,2025-08-15 19:00:00,,None,102.6,25.199999999999996
637510,46,BlockedShot,0.75,0.315,0.0455425083637237,Marcus Tavernier,a,10741,DirectFreekick,2025,LeftFoot,28778,Liverpool,Bournemouth,4,2,2025-08-15 19:00:00,,Standard,90.0,54.8
637512,48,MissedShots,0.8769999694824219,0.6559999847412109,0.0973141565918922,Evanilson,a,12963,OpenPlay,2025,LeftFoot,28778,Liverpool,Bournemouth,4,2,2025-08-15 19:00:00,David Brooks,Pass,105.23999633789063,27.52000122070313
637519,63,Goal,0.9080000305175782,0.5129999923706055,0.4259942471981048,Antoine Semenyo,a,11363,OpenPlay,2025,LeftFoot,28778,Liverpool,Bournemouth,4,2,2025-08-15 19:00:00,David Brooks,Cross,108.96000366210939,38.960000610351564
637521,70,BlockedShot,0.8959999847412109,0.63,0.0770909711718559,David Brooks,a,6820,OpenPlay,2025,LeftFoot,28778,Liverpool,Bournemouth,4,2,2025-08-15 19:00:00,Marcus Tavernier,TakeOn,107.5199981689453,29.6
637522,70,MissedShots,0.9119999694824219,0.595,0.0532196760177612,Evanilson,a,12963,OpenPlay,2025,Head,28778,Liverpool,Bournemouth,4,2,2025-08-15 19:00:00,Marcos Senesi,Cross,109.43999633789063,32.400000000000006
637523,75,Goal,0.825,0.4829999923706055,0.0955900996923446,Antoine Semenyo,a,11363,OpenPlay,2025,LeftFoot,28778,Liverpool,Bournemouth,4,2,2025-08-15 19:00:00,Hamed Junior Traore,Pass,99.0,41.36000061035156
637626,46,SavedShot,0.9009999847412109,0.47299999237060547,0.1751610189676284,Boubacar Kamara,h,5789,FromCorner,2025,Head,28779,Aston Villa,Newcastle United,0,0,2025-08-16 11:30:00,John McGinn,Aerial,11.880001831054699,37.83999938964844
637627,64,SavedShot,0.8469999694824218,0.41700000762939454,0.0799555703997612,Ollie Watkins,h,8865,OpenPlay,2025,LeftFoot,28779,Aston Villa,Newcastle United,0,0,2025-08-16 11:30:00,Morgan Rogers,Pass,18.360003662109378,33.36000061035156
637632,86,SavedShot,0.894000015258789,0.265,0.0634842738509178,Donyell Malen,h,9749,OpenPlay,2025,RightFoot,28779,Aston Villa,Newcastle United,0,0,2025-08-16 11:30:00,Ollie Watkins,Pass,12.719998168945324,21.200000000000003
637618,2,SavedShot,0.8680000305175781,0.4329999923706055,0.5098440051078796,Anthony Elanga,a,9524,OpenPlay,2025,RightFoot,28779,Aston Villa,Newcastle United,0,0,2025-08-16 11:30:00,Sandro Tonali,Throughball,104.16000366210938,45.36000061035156
637619,2,BlockedShot,0.8469999694824218,0.6480000305175782,0.0537716448307037,Anthony Gordon,a,8150,OpenPlay,2025,RightFoot,28779,Aston Villa,Newcastle United,0,0,2025-08-16 11:30:00,,BallRecovery,101.63999633789062,28.159997558593744
637620,7,BlockedShot,0.8480000305175781,0.6170000076293946,0.0206153132021427,Anthony Gordon,a,8150,SetPiece,2025,RightFoot,28779,Aston Villa,Newcastle United,0,0,2025-08-16 11:30:00,,Aerial,101.76000366210937,30.639999389648438
637621,10,MissedShots,0.93,0.47,0.4054856300354004,Anthony Gordon,a,8150,OpenPlay,2025,Head,28779,Aston Villa,Newcastle United,0,0,2025-08-16 11:30:00,Harvey Barnes,Cross,111.60000000000001,42.400000000000006
637622,12,MissedShots,0.9119999694824219,0.36200000762939455,0.0592582039535045,Anthony Elanga,a,9524,OpenPlay,2025,RightFoot,28779,Aston Villa,Newcastle United,0,0,2025-08-16 11:30:00,Harvey Barnes,Cross,109.43999633789063,51.039999389648436
637623,15,SavedShot,0.784000015258789,0.6129999923706054,0.023262882605195,Anthony Gordon,a,8150,SetPiece,2025,RightFoot,28779,Aston Villa,Newcastle United,0,0,2025-08-16 11:30:00,Harvey Barnes,Pass,94.08000183105469,30.960000610351564
637624,26,BlockedShot,0.8490000152587891,0.6509999847412109,0.0749164000153541,Anthony Gordon,a,8150,OpenPlay,2025,RightFoot,28779,Aston Villa,Newcastle United,0,0,2025-08-16 11:30:00,Harvey Barnes,Pass,101.8800018310547,27.920001220703128
637625,27,MissedShots,0.7380000305175781,0.34599998474121096,0.0144613198935985,Fabian Schär,a,76,OpenPlay,2025,RightFoot,28779,Aston Villa,Newcastle United,0,0,2025-08-16 11:30:00,Valentino Livramento,Pass,88.56000366210938,52.32000122070312
637628,67,MissedShots,0.7630000305175781,0.455,0.0226182211190462,Fabian Schär,a,76,SetPiece,2025,RightFoot,28779,Aston Villa,Newcastle United,0,0,2025-08-16 11:30:00,Sandro Tonali,Pass,91.56000366210938,43.6
637629,71,BlockedShot,0.6769999694824219,0.5929999923706055,0.0151972882449626,Anthony Gordon,a,8150,FromCorner,2025,RightFoot,28779,Aston Villa,Newcastle United,0,0,2025-08-16 11:30:00,Valentino Livramento,Pass,81.23999633789063,32.56000061035156
637630,72,BlockedShot,0.8980000305175782,0.6090000152587891,0.0713283643126487,Harvey Barnes,a,6681,OpenPlay,2025,RightFoot,28779,Aston Villa,Newcastle United,0,0,2025-08-16 11:30:00,Anthony Elanga,Cross,107.76000366210938,31.279998779296875
637631,76,BlockedShot,0.8019999694824219,0.46900001525878904,0.047001764178276,Harvey Barnes,a,6681,OpenPlay,2025,RightFoot,28779,Aston Villa,Newcastle United,0,0,2025-08-16 11:30:00,Anthony Elanga,Pass,96.23999633789063,42.47999877929688
637633,87,MissedShots,0.825,0.685,0.0266072824597358,Harvey Barnes,a,6681,OpenPlay,2025,RightFoot,28779,Aston Villa,Newcastle United,0,0,2025-08-16 11:30:00,Anthony Gordon,Pass,99.0,25.199999999999996
637634,90,SavedShot,0.685,0.5109999847412109,0.0105462726205587,Anthony Gordon,a,8150,OpenPlay,2025,RightFoot,28779,Aston Villa,Newcastle United,0,0,2025-08-16 11:30:00,Bruno Guimarães,TakeOn,82.2,39.12000122070313
637635,93,BlockedShot,0.835999984741211,0.31799999237060544,0.0402633287012577,William Osula,a,9556,OpenPlay,2025,LeftFoot,28779,Aston Villa,Newcastle United,0,0,2025-08-16 11:30:00,Lewis Miley,Pass,100.31999816894532,54.560000610351565
637636,96,MissedShots,0.355,0.3089999961853027,0.005802980158478,Fabian Schär,a,76,OpenPlay,2025,RightFoot,28779,Aston Villa,Newcastle United,0,0,2025-08-16 11:30:00,Kieran Trippier,Pass,42.599999999999994,55.28000030517578
638424,13,MissedShots,0.74,0.4640000152587891,0.0192680601030588,Carlos Baleba,h,10527,OpenPlay,2025,RightFoot,28780,Brighton,Fulham,1,1,2025-08-16 14:00:00,,Dispossessed,31.200000000000003,37.12000122070313
638425,25,SavedShot,0.75,0.6320000076293946,0.0222328007221221,Georginio Rutter,h,6937,OpenPlay,2025,RightFoot,28780,Brighton,Fulham,1,1,2025-08-16 14:00:00,Maxim De Cuyper,Pass,30.0,50.560000610351565
638426,27,MissedShots,0.9330000305175781,0.5970000076293945,0.080752782523632,Kaoru Mitoma,h,10806,OpenPlay,2025,Head,28780,Brighton,Fulham,1,1,2025-08-16 14:00:00,Matt O&#039;Riley,Cross,8.039996337890628,47.76000061035156
638427,37,BlockedShot,0.7959999847412109,0.4490000152587891,0.033206358551979,Georginio Rutter,h,6937,OpenPlay,2025,LeftFoot,28780,Brighton,Fulham,1,1,2025-08-16 14:00:00,Carlos Baleba,Pass,24.480001831054693,35.92000122070313
638428,42,SavedShot,0.89,0.4229999923706055,0.0130083784461021,Mats Wieffer,h,12758,SetPiece,2025,Head,28780,Brighton,Fulham,1,1,2025-08-16 14:00:00,Maxim De Cuyper,Aerial,13.200000000000003,33.83999938964844
638432,54,Goal,0.885,0.5,0.7611688375473022,Matt O&#039;Riley,h,13206,Penalty,2025,LeftFoot,28780,Brighton,Fulham,1,1,2025-08-16 14:00:00,,Standard,13.799999999999997,40.0
638434,64,MissedShots,0.8969999694824219,0.40200000762939453,0.1413981318473816,Yankuba Minteh,h,12759,OpenPlay,2025,LeftFoot,28780,Brighton,Fulham,1,1,2025-08-16 14:00:00,,BallTouch,12.360003662109378,32.16000061035156
638435,75,SavedShot,0.749000015258789,0.46,0.0246505476534366,Diego Gómez,h,13364,OpenPlay,2025,RightFoot,28780,Brighton,Fulham,1,1,2025-08-16 14:00:00,Matt O&#039;Riley,Pass,30.119998168945315,36.800000000000004
638436,86,MissedShots,0.9619999694824218,0.5870000076293945,0.030780566856265,Lewis Dunk,h,6048,FromCorner,2025,Head,28780,Brighton,Fulham,1,1,2025-08-16 14:00:00,Matt O&#039;Riley,Aerial,4.560003662109381,46.960000610351564
638437,88,MissedShots,0.919000015258789,0.3609999847412109,0.3136118948459625,Brajan Gruda,h,11310,OpenPlay,2025,RightFoot,28780,Brighton,Fulham,1,1,2025-08-16 14:00:00,Diego Gómez,Pass,9.71999816894531,28.879998779296873
638423,1,MissedShots,0.93,0.644000015258789,0.0947110280394554,Raúl Jiménez,a,4105,OpenPlay,2025,LeftFoot,28780,Brighton,Fulham,1,1,2025-08-16 14:00:00,Alex Iwobi,Pass,111.60000000000001,28.479998779296878
638429,42,MissedShots,0.965999984741211,0.385,0.0419377200305461,Harry Wilson,a,5596,OpenPlay,2025,Head,28780,Brighton,Fulham,1,1,2025-08-16 14:00:00,Alex Iwobi,Cross,115.91999816894531,49.2
638430,47,SavedShot,0.960999984741211,0.644000015258789,0.0918510630726814,Joshua King,a,12410,OpenPlay,2025,LeftFoot,28780,Brighton,Fulham,1,1,2025-08-16 14:00:00,Alex Iwobi,Pass,115.31999816894532,28.479998779296878
638431,47,MissedShots,0.975999984741211,0.575,0.1502836644649505,Raúl Jiménez,a,4105,OpenPlay,2025,RightFoot,28780,Brighton,Fulham,1,1,2025-08-16 14:00:00,,Rebound,117.11999816894532,34.0
638433,57,MissedShots,0.7390000152587891,0.765,0.0140686137601733,Alex Iwobi,a,500,OpenPlay,2025,RightFoot,28780,Brighton,Fulham,1,1,2025-08-16 14:00:00,Joshua King,Pass,88.6800018310547,18.799999999999997
638438,95,BlockedShot,0.7969999694824219,0.57,0.0384686477482318,Emile Smith-Rowe,a,7230,OpenPlay,2025,RightFoot,28780,Brighton,Fulham,1,1,2025-08-16 14:00:00,Sasa Lukic,Pass,95.63999633789064,34.400000000000006
638439,96,Goal,0.9490000152587891,0.5790000152587891,0.4853662252426147,Rodrigo Muniz,a,10717,FromCorner,2025,LeftFoot,28780,Brighton,Fulham,1,1,2025-08-16 14:00:00,,None,113.88000183105468,33.679998779296874
637686,5,SavedShot,0.895,0.3340000152587891,0.3046077191829681,Habib Diarra,h,9767,OpenPlay,2025,RightFoot,28781,Sunderland,West Ham,3,0,2025-08-16 14:00:00,Eliezer Mayenda,BallTouch,12.599999999999994,26.720001220703125
637687,6,MissedShots,0.9730000305175781,0.6120000076293945,0.0248957443982362,Dan Ballard,h,13715,FromCorner,2025,Head,28781,Sunderland,West Ham,3,0,2025-08-16 14:00:00,Granit Xhaka,Cross,3.2399963378906307,48.960000610351564
637692,43,BlockedShot,0.9169999694824219,0.40900001525878904,0.0900169536471366,Eliezer Mayenda,h,13718,FromCorner,2025,RightFoot,28781,Sunderland,West Ham,3,0,2025-08-16 14:00:00,,None,9.960003662109372,32.720001220703125
637693,43,SavedShot,0.9519999694824218,0.610999984741211,0.0381928235292434,Dan Ballard,h,13715,FromCorner,2025,Head,28781,Sunderland,West Ham,3,0,2025-08-16 14:00:00,Granit Xhaka,Cross,5.7600036621093835,48.879998779296876
637694,47,MissedShots,0.875,0.5790000152587891,0.0756939277052879,Simon Adingra,h,11710,OpenPlay,2025,RightFoot,28781,Sunderland,West Ham,3,0,2025-08-16 14:00:00,,None,15.0,46.320001220703126
637695,57,MissedShots,0.960999984741211,0.600999984741211,0.0166919473558664,Dan Ballard,h,13715,FromCorner,2025,Head,28781,Sunderland,West Ham,3,0,2025-08-16 14:00:00,Trai Hume,Aerial,4.680001831054682,48.07999877929688
637696,59,MissedShots,0.7240000152587891,0.5209999847412109,0.0169274266809225,Habib Diarra,h,9767,OpenPlay,2025,LeftFoot,28781,Sunderland,West Ham,3,0,2025-08-16 14:00:00,Simon Adingra,Pass,33.1199981689453,41.679998779296874
637697,60,Goal,0.9019999694824219,0.44299999237060544,0.0366796031594276,Eliezer Mayenda,h,13718,OpenPlay,2025,Head,28781,Sunderland,West Ham,3,0,2025-08-16 14:00:00,Omar Alderete,Aerial,11.76000366210937,35.439999389648435
637698,72,Goal,0.9069999694824219,0.5420000076293945,0.0281399451196193,Dan Ballard,h,13715,FromCorner,2025,Head,28781,Sunderland,West Ham,3,0,2025-08-16 14:00:00,,Aerial,11.160003662109375,43.36000061035156
637704,91,Goal,0.850999984741211,0.715999984741211,0.0925216823816299,Wilson Isidor,h,7148,OpenPlay,2025,RightFoot,28781,Sunderland,West Ham,3,0,2025-08-16 14:00:00,Chemsdine Talbi,Pass,17.880001831054685,57.279998779296875
637684,2,SavedShot,0.9259999847412109,0.3060000038146973,0.0658746063709259,Jarrod Bowen,a,1776,OpenPlay,2025,RightFoot,28781,Sunderland,West Ham,3,0,2025-08-16 14:00:00,James Ward-Prowse,TakeOn,111.11999816894532,55.51999969482422
637685,3,MissedShots,0.7240000152587891,0.51,0.0144348395988345,El Hadji Malick Diouf,a,13723,FromCorner,2025,LeftFoot,28781,Sunderland,West Ham,3,0,2025-08-16 14:00:00,,None,86.8800018310547,39.2
637688,25,BlockedShot,0.8519999694824218,0.5790000152587891,0.0907265841960907,El Hadji Malick Diouf,a,13723,OpenPlay,2025,LeftFoot,28781,Sunderland,West Ham,3,0,2025-08-16 14:00:00,Niclas Füllkrug,Pass,102.23999633789062,33.679998779296874
637689,26,BlockedShot,0.9069999694824219,0.5690000152587891,0.1013018190860748,Niclas Füllkrug,a,6098,OpenPlay,2025,RightFoot,28781,Sunderland,West Ham,3,0,2025-08-16 14:00:00,El Hadji Malick Diouf,Cross,108.83999633789062,34.47999877929688
637690,28,BlockedShot,0.7980000305175782,0.585999984741211,0.0413616076111793,Jarrod Bowen,a,1776,OpenPlay,2025,LeftFoot,28781,Sunderland,West Ham,3,0,2025-08-16 14:00:00,El Hadji Malick Diouf,Pass,95.76000366210938,33.120001220703124
637691,41,BlockedShot,0.76,0.5479999923706055,0.0242491047829389,Guido Rodríguez,a,8267,OpenPlay,2025,RightFoot,28781,Sunderland,West Ham,3,0,2025-08-16 14:00:00,,None,91.2,36.16000061035156
637699,77,BlockedShot,0.7469999694824219,0.4879999923706055,0.0167413800954818,El Hadji Malick Diouf,a,13723,FromCorner,2025,LeftFoot,28781,Sunderland,West Ham,3,0,2025-08-16 14:00:00,,None,89.63999633789062,40.960000610351564
637700,84,BlockedShot,0.9109999847412109,0.43400001525878906,0.0570625588297843,Jarrod Bowen,a,1776,FromCorner,2025,Head,28781,Sunderland,West Ham,3,0,2025-08-16 14:00:00,Andy Irving,Cross,109.3199981689453,45.279998779296875
637701,84,SavedShot,0.85,0.40900001525878904,0.0489497706294059,Tomas Soucek,a,8288,OpenPlay,2025,LeftFoot,28781,Sunderland,West Ham,3,0,2025-08-16 14:00:00,,None,102.0,47.279998779296875
637702,86,MissedShots,0.8869999694824219,0.5640000152587891,0.0243003964424133,Callum Wilson,a,468,SetPiece,2025,Head,28781,Sunderland,West Ham,3,0,2025-08-16 14:00:00,,None,106.43999633789062,34.879998779296876
637703,89,SavedShot,0.8809999847412109,0.5279999923706055,0.0410665571689605,Niclas Füllkrug,a,6098,OpenPlay,2025,Head,28781,Sunderland,West Ham,3,0,2025-08-16 14:00:00,Aaron Wan-Bissaka,Cross,105.71999816894531,37.76000061035156
637705,95,BlockedShot,0.7919999694824219,0.515,0.0328790582716465,Jarrod Bowen,a,1776,SetPiece,2025,LeftFoot,28781,Sunderland,West Ham,3,0,2025-08-16 14:00:00,Max Kilman,HeadPass,95.03999633789063,38.8
637706,0,SavedShot,0.9769999694824218,0.41200000762939454,0.0927752777934074,Lucas Bergvall,h,12912,OpenPlay,2025,RightFoot,28782,Tottenham Hotspur,Burnley,3,0,2025-08-16 14:00:00,,None,2.7600036621093835,32.960000610351564
637707,0,MissedShots,0.8109999847412109,0.4829999923706055,0.0361608490347862,Brennan Johnson,h,10760,FromCorner,2025,RightFoot,28782,Tottenham Hotspur,Burnley,3,0,2025-08-16 14:00:00,,None,22.680001831054682,38.63999938964844
637708,9,Goal,0.874000015258789,0.46,0.0744324624538421,Richarlison,h,6026,OpenPlay,2025,RightFoot,28782,Tottenham Hotspur,Burnley,3,0,2025-08-16 14:00:00,Mohammed Kudus,Cross,15.119998168945315,36.800000000000004
637709,11,MissedShots,0.9259999847412109,0.5220000076293946,0.088717333972454,Richarlison,h,6026,OpenPlay,2025,Head,28782,Tottenham Hotspur,Burnley,3,0,2025-08-16 14:00:00,Pedro Porro,Aerial,8.880001831054685,41.76000061035157
637719,39,MissedShots,0.774000015258789,0.6170000076293946,0.0326015129685401,Djed Spence,h,10764,OpenPlay,2025,RightFoot,28782,Tottenham Hotspur,Burnley,3,0,2025-08-16 14:00:00,Mohammed Kudus,Pass,27.119998168945315,49.36000061035156
637721,48,MissedShots,0.9740000152587891,0.485,0.1455372422933578,Micky van de Ven,h,10050,FromCorner,2025,Head,28782,Tottenham Hotspur,Burnley,3,0,2025-08-16 14:00:00,Mohammed Kudus,Cross,3.119998168945301,38.8
637722,51,BlockedShot,0.885,0.5879999923706055,0.0887629389762878,Richarlison,h,6026,OpenPlay,2025,RightFoot,28782,Tottenham Hotspur,Burnley,3,0,2025-08-16 14:00:00,Brennan Johnson,Cross,13.799999999999997,47.03999938964844
637723,51,SavedShot,0.965,0.5770000076293945,0.4998835921287536,Richarlison,h,6026,OpenPlay,2025,LeftFoot,28782,Tottenham Hotspur,Burnley,3,0,2025-08-16 14:00:00,,Rebound,4.200000000000003,46.16000061035156
637724,51,MissedShots,0.9169999694824219,0.22700000762939454,0.0294064283370971,Mohammed Kudus,h,12027,OpenPlay,2025,LeftFoot,28782,Tottenham Hotspur,Burnley,3,0,2025-08-16 14:00:00,,Rebound,9.960003662109372,18.160000610351563
637727,59,Goal,0.8859999847412109,0.5429999923706055,0.0935544967651367,Richarlison,h,6026,OpenPlay,2025,RightFoot,28782,Tottenham Hotspur,Burnley,3,0,2025-08-16 14:00:00,Mohammed Kudus,Cross,13.680001831054696,43.439999389648435
637728,63,MissedShots,0.7669999694824219,0.3220000076293945,0.0259291268885135,Pedro Porro,h,6912,OpenPlay,2025,RightFoot,28782,Tottenham Hotspur,Burnley,3,0,2025-08-16 14:00:00,Brennan Johnson,Pass,27.960003662109372,25.76000061035156
637729,65,Goal,0.914000015258789,0.5790000152587891,0.5134420394897461,Brennan Johnson,h,10760,OpenPlay,2025,RightFoot,28782,Tottenham Hotspur,Burnley,3,0,2025-08-16 14:00:00,Pape Sarr,Throughball,10.319998168945318,46.320001220703126
637731,69,MissedShots,0.9640000152587891,0.4640000152587891,0.1342775076627731,Micky van de Ven,h,10050,FromCorner,2025,Head,28782,Tottenham Hotspur,Burnley,3,0,2025-08-16 14:00:00,Mohammed Kudus,Cross,4.319998168945304,37.12000122070313
637733,74,MissedShots,0.850999984741211,0.4829999923706055,0.0927202329039573,Dominic Solanke,h,1679,OpenPlay,2025,LeftFoot,28782,Tottenham Hotspur,Burnley,3,0,2025-08-16 14:00:00,Pedro Porro,Cross,17.880001831054685,38.63999938964844
637734,83,SavedShot,0.960999984741211,0.669000015258789,0.0640760883688926,Djed Spence,h,10764,OpenPlay,2025,RightFoot,28782,Tottenham Hotspur,Burnley,3,0,2025-08-16 14:00:00,Wilson Odobert,TakeOn,4.680001831054682,53.52000122070312
637735,84,MissedShots,0.7619999694824219,0.37099998474121093,0.0266797058284282,Mohammed Kudus,h,12027,FromCorner,2025,LeftFoot,28782,Tottenham Hotspur,Burnley,3,0,2025-08-16 14:00:00,Pedro Porro,Pass,28.56000366210938,29.679998779296874
637710,13,MissedShots,0.8909999847412109,0.504000015258789,0.0279384776949882,Jaidon Anthony,a,10746,SetPiece,2025,Head,28782,Tottenham Hotspur,Burnley,3,0,2025-08-16 14:00:00,Josh Cullen,Aerial,106.91999816894531,39.67999877929688
637711,14,MissedShots,0.830999984741211,0.665,0.016889376565814,Oliver Sonne,a,13726,FromCorner,2025,LeftFoot,28782,Tottenham Hotspur,Burnley,3,0,2025-08-16 14:00:00,,Aerial,99.71999816894531,26.799999999999997
637712,22,SavedShot,0.7430000305175781,0.3990000152587891,0.0193497706204652,Josh Laurent,a,13728,OpenPlay,2025,RightFoot,28782,Tottenham Hotspur,Burnley,3,0,2025-08-16 14:00:00,Jaidon Anthony,Pass,89.16000366210938,48.07999877929687
637713,23,MissedShots,0.7040000152587891,0.37900001525878907,0.0138208549469709,Kyle Walker,a,638,OpenPlay,2025,RightFoot,28782,Tottenham Hotspur,Burnley,3,0,2025-08-16 14:00:00,Josh Cullen,Pass,84.4800018310547,49.679998779296874
637714,23,BlockedShot,0.774000015258789,0.6359999847412109,0.0246792007237672,Jaidon Anthony,a,10746,OpenPlay,2025,RightFoot,28782,Tottenham Hotspur,Burnley,3,0,2025-08-16 14:00:00,Josh Cullen,Pass,92.88000183105468,29.12000122070313
637715,26,BlockedShot,0.775,0.4129999923706055,0.1391079574823379,Lyle Foster,a,7498,OpenPlay,2025,RightFoot,28782,Tottenham Hotspur,Burnley,3,0,2025-08-16 14:00:00,Josh Cullen,Throughball,93.0,46.960000610351564
637716,28,SavedShot,0.92,0.505,0.045311152935028,Maxime Estève,a,9487,FromCorner,2025,OtherBodyPart,28782,Tottenham Hotspur,Burnley,3,0,2025-08-16 14:00:00,Jaidon Anthony,Aerial,110.4,39.6
637717,29,MissedShots,0.865999984741211,0.7019999694824218,0.037511620670557,Josh Laurent,a,13728,OpenPlay,2025,RightFoot,28782,Tottenham Hotspur,Burnley,3,0,2025-08-16 14:00:00,Quilindschy Hartman,Pass,103.91999816894531,23.840002441406256
637718,31,MissedShots,0.784000015258789,0.7819999694824219,0.0406368002295494,Hannibal Mejbri,a,9558,DirectFreekick,2025,RightFoot,28782,Tottenham Hotspur,Burnley,3,0,2025-08-16 14:00:00,,Standard,94.08000183105469,17.44000244140625
637720,42,SavedShot,0.784000015258789,0.41200000762939454,0.0269181225448846,Josh Laurent,a,13728,OpenPlay,2025,RightFoot,28782,Tottenham Hotspur,Burnley,3,0,2025-08-16 14:00:00,Oliver Sonne,Pass,94.08000183105469,47.039999389648436
637725,57,MissedShots,0.905,0.46299999237060546,0.1226560547947883,Lyle Foster,a,7498,OpenPlay,2025,LeftFoot,28782,Tottenham Hotspur,Burnley,3,0,2025-08-16 14:00:00,Josh Laurent,Pass,108.60000000000001,42.960000610351564
637726,57,SavedShot,0.9309999847412109,0.54,0.1289860755205154,Jaidon Anthony,a,10746,OpenPlay,2025,RightFoot,28782,Tottenham Hotspur,Burnley,3,0,2025-08-16 14:00:00,Lyle Foster,Rebound,111.71999816894531,36.8
637730,67,MissedShots,0.8230000305175781,0.5120000076293946,0.074710913002491,Chimuanya Ugochukwu,a,9451,OpenPlay,2025,RightFoot,28782,Tottenham Hotspur,Burnley,3,0,2025-08-16 14:00:00,Lyle Foster,Pass,98.76000366210937,39.039999389648436
637732,72,BlockedShot,0.8490000152587891,0.46599998474121096,0.0314428359270095,Jaidon Anthony,a,10746,FromCorner,2025,RightFoot,28782,Tottenham Hotspur,Burnley,3,0,2025-08-16 14:00:00,Josh Cullen,Chipped,101.8800018310547,42.720001220703125
638442,25,BlockedShot,0.88,0.46599998474121096,0.0795453637838363,Jørgen Strand Larsen,h,11070,OpenPlay,2025,RightFoot,28783,Wolverhampton Wanderers,Manchester City,0,4,2025-08-16 16:30:00,Ki-Jana Hoever,Cross,14.400000000000006,37.279998779296875
638443,28,MissedShots,0.81,0.6580000305175782,0.0335151068866252,Jean-Ricner Bellegarde,h,7762,OpenPlay,2025,RightFoot,28783,Wolverhampton Wanderers,Manchester City,0,4,2025-08-16 16:30:00,João Gomes,Pass,22.799999999999997,52.64000244140625
638451,45,MissedShots,0.8919999694824219,0.43200000762939456,0.0717895328998565,Jørgen Strand Larsen,h,11070,OpenPlay,2025,LeftFoot,28783,Wolverhampton Wanderers,Manchester City,0,4,2025-08-16 16:30:00,,None,12.960003662109372,34.560000610351565
638453,57,SavedShot,0.899000015258789,0.37,0.1076766103506088,Jørgen Strand Larsen,h,11070,SetPiece,2025,RightFoot,28783,Wolverhampton Wanderers,Manchester City,0,4,2025-08-16 16:30:00,Jean-Ricner Bellegarde,Throughball,12.119998168945315,29.6
638455,73,BlockedShot,0.8640000152587891,0.39299999237060546,0.0503211133182048,Marshall Munetsi,h,7908,OpenPlay,2025,RightFoot,28783,Wolverhampton Wanderers,Manchester City,0,4,2025-08-16 16:30:00,,None,16.319998168945304,31.439999389648435
638456,74,SavedShot,0.884000015258789,0.6769999694824219,0.0584930256009101,Jørgen Strand Larsen,h,11070,OpenPlay,2025,RightFoot,28783,Wolverhampton Wanderers,Manchester City,0,4,2025-08-16 16:30:00,Jhon Arias,Pass,13.919998168945312,54.15999755859375
638457,76,MissedShots,0.7,0.5109999847412109,0.0116440681740641,Emmanuel Agbadou,h,10856,OpenPlay,2025,RightFoot,28783,Wolverhampton Wanderers,Manchester City,0,4,2025-08-16 16:30:00,Toti,Pass,36.0,40.87999877929687
638460,86,BlockedShot,0.8219999694824218,0.425,0.0520901195704937,Fernando López,h,13200,OpenPlay,2025,LeftFoot,28783,Wolverhampton Wanderers,Manchester City,0,4,2025-08-16 16:30:00,Hee-Chan Hwang,Pass,21.360003662109378,34.0
638463,92,SavedShot,0.8719999694824219,0.35400001525878905,0.0543614216148853,Fernando López,h,13200,OpenPlay,2025,LeftFoot,28783,Wolverhampton Wanderers,Manchester City,0,4,2025-08-16 16:30:00,Hugo Bueno,BallTouch,15.360003662109378,28.320001220703123
638440,17,MissedShots,0.9230000305175782,0.5070000076293946,0.2403138428926468,Erling Haaland,a,8260,FromCorner,2025,Head,28783,Wolverhampton Wanderers,Manchester City,0,4,2025-08-16 16:30:00,Bernardo Silva,Aerial,110.76000366210938,39.439999389648435
638441,18,MissedShots,0.955,0.45799999237060546,0.5462837815284729,Erling Haaland,a,8260,OpenPlay,2025,Head,28783,Wolverhampton Wanderers,Manchester City,0,4,2025-08-16 16:30:00,Bernardo Silva,Cross,114.6,43.36000061035156
638444,32,BlockedShot,0.8159999847412109,0.4,0.0687109157443046,Nico González,a,9802,OpenPlay,2025,RightFoot,28783,Wolverhampton Wanderers,Manchester City,0,4,2025-08-16 16:30:00,,TakeOn,97.91999816894531,48.0
638445,32,BlockedShot,0.7580000305175781,0.49,0.0188753623515367,Rayan Ait Nouri,a,6674,OpenPlay,2025,RightFoot,28783,Wolverhampton Wanderers,Manchester City,0,4,2025-08-16 16:30:00,,Rebound,90.96000366210937,40.8
638446,33,BlockedShot,0.7369999694824219,0.555,0.017422990873456,Nico González,a,9802,OpenPlay,2025,RightFoot,28783,Wolverhampton Wanderers,Manchester City,0,4,2025-08-16 16:30:00,Rayan Ait Nouri,Pass,88.43999633789062,35.599999999999994
638447,33,Goal,0.9690000152587891,0.5320000076293945,0.7589436173439026,Erling Haaland,a,8260,OpenPlay,2025,LeftFoot,28783,Wolverhampton Wanderers,Manchester City,0,4,2025-08-16 16:30:00,Rico Lewis,Pass,116.28000183105469,37.43999938964844
638448,36,Goal,0.8430000305175781,0.65,0.0884182900190353,Tijjani Reijnders,a,11965,OpenPlay,2025,LeftFoot,28783,Wolverhampton Wanderers,Manchester City,0,4,2025-08-16 16:30:00,Oscar Bobb,Pass,101.16000366210938,28.0
638449,42,MissedShots,0.9330000305175781,0.46900001525878904,0.1174566373229026,Erling Haaland,a,8260,FromCorner,2025,Head,28783,Wolverhampton Wanderers,Manchester City,0,4,2025-08-16 16:30:00,Bernardo Silva,Cross,111.96000366210937,42.47999877929688
638450,48,MissedShots,0.914000015258789,0.4829999923706055,0.036653134971857,Erling Haaland,a,8260,FromCorner,2025,Head,28783,Wolverhampton Wanderers,Manchester City,0,4,2025-08-16 16:30:00,Bernardo Silva,Aerial,109.68000183105468,41.36000061035156
638452,51,MissedShots,0.8090000152587891,0.6129999923706054,0.0386582538485527,Rayan Ait Nouri,a,6674,OpenPlay,2025,LeftFoot,28783,Wolverhampton Wanderers,Manchester City,0,4,2025-08-16 16:30:00,,None,97.08000183105469,30.960000610351564
638454,60,Goal,0.8569999694824219,0.37,0.0893472582101821,Erling Haaland,a,8260,OpenPlay,2025,LeftFoot,28783,Wolverhampton Wanderers,Manchester City,0,4,2025-08-16 16:30:00,Tijjani Reijnders,Pass,102.83999633789062,50.4
638458,80,Goal,0.7880000305175782,0.4620000076293945,0.0537016317248344,Mathis Cherki,a,8094,OpenPlay,2025,RightFoot,28783,Wolverhampton Wanderers,Manchester City,0,4,2025-08-16 16:30:00,,BallTouch,94.56000366210938,43.039999389648436
638459,86,MissedShots,0.775,0.3870000076293945,0.0380213372409343,Tijjani Reijnders,a,11965,OpenPlay,2025,RightFoot,28783,Wolverhampton Wanderers,Manchester City,0,4,2025-08-16 16:30:00,Oscar Bobb,Pass,93.0,49.03999938964844
638461,91,BlockedShot,0.8209999847412109,0.5720000076293945,0.1576274335384369,Omar Marmoush,a,8393,DirectFreekick,2025,RightFoot,28783,Wolverhampton Wanderers,Manchester City,0,4,2025-08-16 16:30:00,,Standard,98.5199981689453,34.23999938964844
638462,91,MissedShots,0.855,0.6580000305175782,0.0354858264327049,Tijjani Reijnders,a,11965,SetPiece,2025,RightFoot,28783,Wolverhampton Wanderers,Manchester City,0,4,2025-08-16 16:30:00,,Rebound,102.6,27.359997558593747
638063,5,Goal,0.9059999847412109,0.415,0.0866748318076133,Chris Wood,h,4456,FromCorner,2025,RightFoot,28785,Nottingham Forest,Brentford,3,1,2025-08-17 13:00:00,,None,11.28000183105469,33.199999999999996
638064,10,BlockedShot,0.8440000152587891,0.34400001525878904,0.049479279667139,Elliot Anderson,h,9154,OpenPlay,2025,RightFoot,28785,Nottingham Forest,Brentford,3,1,2025-08-17 13:00:00,Morgan Gibbs-White,Pass,18.71999816894531,27.520001220703122
638065,10,MissedShots,0.9119999694824219,0.4520000076293945,0.3447162806987762,Elliot Anderson,h,9154,OpenPlay,2025,LeftFoot,28785,Nottingham Forest,Brentford,3,1,2025-08-17 13:00:00,Neco Williams,Cross,10.560003662109366,36.16000061035156
638066,17,BlockedShot,0.8169999694824219,0.3579999923706055,0.0520314425230026,Morgan Gibbs-White,h,6857,OpenPlay,2025,RightFoot,28785,Nottingham Forest,Brentford,3,1,2025-08-17 13:00:00,Ola Aina,BallTouch,21.960003662109372,28.639999389648438
638067,17,SavedShot,0.779000015258789,0.3390000152587891,0.0296861045062541,Elliot Anderson,h,9154,OpenPlay,2025,LeftFoot,28785,Nottingham Forest,Brentford,3,1,2025-08-17 13:00:00,,Rebound,26.51999816894532,27.120001220703127
638072,41,Goal,0.9080000305175782,0.46,0.3014346361160278,Dan Ndoye,h,8662,OpenPlay,2025,Head,28785,Nottingham Forest,Brentford,3,1,2025-08-17 13:00:00,Morgan Gibbs-White,Cross,11.039996337890614,36.800000000000004
638073,46,Goal,0.960999984741211,0.605,0.3639630973339081,Chris Wood,h,4456,OpenPlay,2025,LeftFoot,28785,Nottingham Forest,Brentford,3,1,2025-08-17 13:00:00,Elliot Anderson,BallRecovery,4.680001831054682,48.4
638076,54,MissedShots,0.69,0.605,0.0138089815154671,Ibrahim Sangare,h,5722,OpenPlay,2025,RightFoot,28785,Nottingham Forest,Brentford,3,1,2025-08-17 13:00:00,Neco Williams,Pass,37.2,48.4
638078,60,SavedShot,0.7280000305175781,0.664000015258789,0.0157822668552398,Callum Hudson-Odoi,h,6456,OpenPlay,2025,RightFoot,28785,Nottingham Forest,Brentford,3,1,2025-08-17 13:00:00,Morgan Gibbs-White,Pass,32.63999633789062,53.120001220703124
638079,62,MissedShots,0.9169999694824219,0.5209999847412109,0.4768589437007904,Morgan Gibbs-White,h,6857,OpenPlay,2025,RightFoot,28785,Nottingham Forest,Brentford,3,1,2025-08-17 13:00:00,Callum Hudson-Odoi,Cross,9.960003662109372,41.679998779296874
638080,64,MissedShots,0.76,0.605,0.022611716762185,Morgan Gibbs-White,h,6857,OpenPlay,2025,RightFoot,28785,Nottingham Forest,Brentford,3,1,2025-08-17 13:00:00,Callum Hudson-Odoi,Pass,28.799999999999997,48.4
638068,23,SavedShot,0.815,0.5320000076293945,0.0437612235546112,Yehor Yarmolyuk,a,11772,OpenPlay,2025,RightFoot,28785,Nottingham Forest,Brentford,3,1,2025-08-17 13:00:00,Thiago,Pass,97.8,37.43999938964844
638069,25,BlockedShot,0.93,0.3870000076293945,0.0131899788975715,Nathan Collins,a,9733,FromCorner,2025,Head,28785,Nottingham Forest,Brentford,3,1,2025-08-17 13:00:00,Mathias Jensen,Aerial,111.60000000000001,49.03999938964844
638070,39,MissedShots,0.8780000305175781,0.605999984741211,0.0751350820064544,Mathias Jensen,a,7166,OpenPlay,2025,RightFoot,28785,Nottingham Forest,Brentford,3,1,2025-08-17 13:00:00,Rico Henry,Pass,105.36000366210938,31.520001220703122
638071,39,BlockedShot,0.92,0.4540000152587891,0.1230672672390937,Thiago,a,13222,OpenPlay,2025,LeftFoot,28785,Nottingham Forest,Brentford,3,1,2025-08-17 13:00:00,Mathias Jensen,Rebound,110.4,43.679998779296874
638074,50,MissedShots,0.8059999847412109,0.48900001525878906,0.0450064130127429,Keane Lewis-Potter,a,10809,OpenPlay,2025,LeftFoot,28785,Nottingham Forest,Brentford,3,1,2025-08-17 13:00:00,,Tackle,96.71999816894531,40.879998779296876
638075,53,MissedShots,0.8530000305175781,0.624000015258789,0.0196341834962368,Keane Lewis-Potter,a,10809,OpenPlay,2025,Head,28785,Nottingham Forest,Brentford,3,1,2025-08-17 13:00:00,,Aerial,102.36000366210938,30.07999877929688
638077,58,MissedShots,0.8030000305175782,0.37599998474121094,0.0408463291823864,Fabio Carvalho,a,9501,OpenPlay,2025,RightFoot,28785,Nottingham Forest,Brentford,3,1,2025-08-17 13:00:00,Yehor Yarmolyuk,Pass,96.36000366210938,49.92000122070313
638081,72,SavedShot,0.9269999694824219,0.5,0.1311917155981063,Sepp van den Berg,a,10721,OpenPlay,2025,Head,28785,Nottingham Forest,Brentford,3,1,2025-08-17 13:00:00,Michael Kayode,Pass,111.23999633789063,40.0
638082,74,BlockedShot,0.9109999847412109,0.47,0.0814083367586135,Sepp van den Berg,a,10721,OpenPlay,2025,Head,28785,Nottingham Forest,Brentford,3,1,2025-08-17 13:00:00,Michael Kayode,Pass,109.3199981689453,42.400000000000006
638083,77,Goal,0.885,0.5,0.7611688375473022,Thiago,a,13222,Penalty,2025,RightFoot,28785,Nottingham Forest,Brentford,3,1,2025-08-17 13:00:00,,Standard,106.2,40.0
638032,2,BlockedShot,0.9769999694824218,0.5870000076293945,0.0239996127784252,Marc Cucurella,h,7134,FromCorner,2025,Head,28784,Chelsea,Crystal Palace,0,0,2025-08-17 13:00:00,Reece James,Aerial,2.7600036621093835,46.960000610351564
638037,20,MissedShots,0.8319999694824218,0.7319999694824219,0.0206609163433313,Cole Palmer,h,8497,OpenPlay,2025,LeftFoot,28784,Chelsea,Crystal Palace,0,0,2025-08-17 13:00:00,Jamie Bynoe-Gittens,Pass,20.160003662109375,58.55999755859375
638038,22,BlockedShot,0.7680000305175781,0.37799999237060544,0.0189886204898357,Pedro Neto,h,6382,OpenPlay,2025,LeftFoot,28784,Chelsea,Crystal Palace,0,0,2025-08-17 13:00:00,Enzo Fernández,Pass,27.839996337890625,30.239999389648435
638039,22,BlockedShot,0.9619999694824218,0.5459999847412109,0.0814447179436683,Josh Acheampong,h,12535,FromCorner,2025,Head,28784,Chelsea,Crystal Palace,0,0,2025-08-17 13:00:00,Reece James,Aerial,4.560003662109381,43.679998779296874
638041,25,BlockedShot,0.78,0.45599998474121095,0.0225757453590631,Jamie Bynoe-Gittens,h,10542,FromCorner,2025,LeftFoot,28784,Chelsea,Crystal Palace,0,0,2025-08-17 13:00:00,,None,26.39999999999999,36.47999877929688
638042,29,BlockedShot,0.8640000152587891,0.5429999923706055,0.1087790504097938,João Pedro,h,8272,OpenPlay,2025,LeftFoot,28784,Chelsea,Crystal Palace,0,0,2025-08-17 13:00:00,Jamie Bynoe-Gittens,Pass,16.319998168945304,43.439999389648435
638043,29,BlockedShot,0.8109999847412109,0.4779999923706055,0.0389928631484508,Moisés Caicedo,h,9453,OpenPlay,2025,RightFoot,28784,Chelsea,Crystal Palace,0,0,2025-08-17 13:00:00,,Rebound,22.680001831054682,38.23999938964844
638044,29,BlockedShot,0.805,0.6730000305175782,0.0200033355504274,Jamie Bynoe-Gittens,h,10542,FromCorner,2025,RightFoot,28784,Chelsea,Crystal Palace,0,0,2025-08-17 13:00:00,,None,23.39999999999999,53.840002441406256
638045,29,MissedShots,0.914000015258789,0.48400001525878905,0.1311507821083068,Trevoh Chalobah,h,6615,FromCorner,2025,RightFoot,28784,Chelsea,Crystal Palace,0,0,2025-08-17 13:00:00,,Rebound,10.319998168945318,38.720001220703125
638047,46,BlockedShot,0.8130000305175781,0.5220000076293946,0.0560662262141704,Cole Palmer,h,8497,OpenPlay,2025,LeftFoot,28784,Chelsea,Crystal Palace,0,0,2025-08-17 13:00:00,Reece James,Interception,22.439996337890634,41.76000061035157
638048,46,MissedShots,0.8130000305175781,0.6170000076293946,0.031940683722496,Marc Cucurella,h,7134,OpenPlay,2025,LeftFoot,28784,Chelsea,Crystal Palace,0,0,2025-08-17 13:00:00,,Rebound,22.439996337890634,49.36000061035156
638052,58,BlockedShot,0.77,0.30100000381469727,0.0517423078417778,Cole Palmer,h,8497,DirectFreekick,2025,LeftFoot,28784,Chelsea,Crystal Palace,0,0,2025-08-17 13:00:00,,Standard,27.599999999999994,24.08000030517578
638053,61,MissedShots,0.9640000152587891,0.4759999847412109,0.0911332666873931,João Pedro,h,8272,FromCorner,2025,Head,28784,Chelsea,Crystal Palace,0,0,2025-08-17 13:00:00,Pedro Neto,Aerial,4.319998168945304,38.07999877929687
638054,63,BlockedShot,0.9209999847412109,0.40700000762939453,0.0950454175472259,Cole Palmer,h,8497,OpenPlay,2025,RightFoot,28784,Chelsea,Crystal Palace,0,0,2025-08-17 13:00:00,,None,9.480001831054693,32.560000610351565
638055,65,MissedShots,0.9030000305175782,0.534000015258789,0.0988275930285453,Estêvão,h,13775,OpenPlay,2025,LeftFoot,28784,Chelsea,Crystal Palace,0,0,2025-08-17 13:00:00,,None,11.639996337890622,42.720001220703125
638059,88,MissedShots,0.710999984741211,0.4,0.0152784436941146,Malo Gusto,h,9017,OpenPlay,2025,RightFoot,28784,Chelsea,Crystal Palace,0,0,2025-08-17 13:00:00,Cole Palmer,Pass,34.68000183105468,32.0
638060,89,SavedShot,0.8540000152587891,0.32799999237060545,0.0442576743662357,Liam Delap,h,8868,OpenPlay,2025,RightFoot,28784,Chelsea,Crystal Palace,0,0,2025-08-17 13:00:00,,None,17.519998168945307,26.239999389648435
638061,92,MissedShots,0.8590000152587891,0.49900001525878906,0.3392919898033142,Andrey Santos,h,11808,OpenPlay,2025,LeftFoot,28784,Chelsea,Crystal Palace,0,0,2025-08-17 13:00:00,Marc Cucurella,Pass,16.919998168945312,39.92000122070313
638062,93,SavedShot,0.8959999847412109,0.46299999237060546,0.0864017009735107,Andrey Santos,h,11808,OpenPlay,2025,Head,28784,Chelsea,Crystal Palace,0,0,2025-08-17 13:00:00,Pedro Neto,Cross,12.480001831054693,37.039999389648436
638033,4,MissedShots,0.57,0.8819999694824219,0.0071087428368628,Eberechi Eze,a,8706,OpenPlay,2025,RightFoot,28784,Chelsea,Crystal Palace,0,0,2025-08-17 13:00:00,Marc Guehi,Pass,68.39999999999999,9.44000244140625
638034,8,MissedShots,0.8980000305175782,0.4640000152587891,0.0362346768379211,Chris Richards,a,8430,SetPiece,2025,Head,28784,Chelsea,Crystal Palace,0,0,2025-08-17 13:00:00,,None,107.76000366210938,42.87999877929687
638035,17,BlockedShot,0.74,0.3129999923706055,0.0139832254499197,Jean-Philippe Mateta,a,5735,OpenPlay,2025,RightFoot,28784,Chelsea,Crystal Palace,0,0,2025-08-17 13:00:00,,Dispossessed,88.8,54.96000061035156
638036,18,SavedShot,0.8530000305175781,0.47400001525878904,0.2982566058635711,Jean-Philippe Mateta,a,5735,OpenPlay,2025,RightFoot,28784,Chelsea,Crystal Palace,0,0,2025-08-17 13:00:00,Adam Wharton,Pass,102.36000366210938,42.07999877929688
638040,24,SavedShot,0.7090000152587891,0.7419999694824219,0.0110635990276932,Eberechi Eze,a,8706,SetPiece,2025,RightFoot,28784,Chelsea,Crystal Palace,0,0,2025-08-17 13:00:00,Adam Wharton,Pass,85.08000183105469,20.640002441406253
638046,38,MissedShots,0.9209999847412109,0.4929999923706055,0.4323694705963135,Maxence Lacroix,a,8853,SetPiece,2025,RightFoot,28784,Chelsea,Crystal Palace,0,0,2025-08-17 13:00:00,Eberechi Eze,Cross,110.5199981689453,40.56000061035156
638049,48,BlockedShot,0.8569999694824219,0.555,0.0720523372292518,Eberechi Eze,a,8706,OpenPlay,2025,LeftFoot,28784,Chelsea,Crystal Palace,0,0,2025-08-17 13:00:00,,None,102.83999633789062,35.599999999999994
638050,48,BlockedShot,0.8219999694824218,0.47400001525878904,0.0557276643812656,Eberechi Eze,a,8706,OpenPlay,2025,RightFoot,28784,Chelsea,Crystal Palace,0,0,2025-08-17 13:00:00,,None,98.63999633789062,42.07999877929688
638051,48,MissedShots,0.855999984741211,0.4179999923706055,0.061410117894411,Daniel Muñoz,a,12408,OpenPlay,2025,LeftFoot,28784,Chelsea,Crystal Palace,0,0,2025-08-17 13:00:00,,Rebound,102.71999816894532,46.560000610351565
638056,68,BlockedShot,0.6040000152587891,0.6730000305175782,0.0083185266703367,Eberechi Eze,a,8706,OpenPlay,2025,RightFoot,28784,Chelsea,Crystal Palace,0,0,2025-08-17 13:00:00,,BallRecovery,72.4800018310547,26.159997558593744
638057,76,SavedShot,0.7180000305175781,0.30700000762939456,0.0154756419360637,Jean-Philippe Mateta,a,5735,OpenPlay,2025,RightFoot,28784,Chelsea,Crystal Palace,0,0,2025-08-17 13:00:00,Dean Henderson,Pass,86.16000366210938,55.439999389648435
638058,81,SavedShot,0.7569999694824219,0.5120000076293946,0.0255588982254266,Eberechi Eze,a,8706,OpenPlay,2025,RightFoot,28784,Chelsea,Crystal Palace,0,0,2025-08-17 13:00:00,Ismaila Sarr,Pass,90.83999633789062,39.039999389648436
638223,5,SavedShot,0.87,0.37599998474121094,0.0712637305259704,Bryan Mbeumo,h,6552,OpenPlay,2025,RightFoot,28786,Manchester United,Arsenal,0,1,2025-08-17 15:30:00,Mason Mount,Pass,15.599999999999994,30.079998779296876
638224,7,MissedShots,0.6790000152587891,0.5170000076293946,0.0152160516008734,Patrick Dorgu,h,11944,SetPiece,2025,LeftFoot,28786,Manchester United,Arsenal,0,1,2025-08-17 15:30:00,Bruno Fernandes,Pass,38.51999816894531,41.36000061035156
638226,16,BlockedShot,0.81,0.3729999923706055,0.1068682298064231,Bruno Fernandes,h,1228,DirectFreekick,2025,RightFoot,28786,Manchester United,Arsenal,0,1,2025-08-17 15:30:00,,Standard,22.799999999999997,29.83999938964844
638227,24,BlockedShot,0.8240000152587891,0.38299999237060545,0.0946826860308647,Bryan Mbeumo,h,6552,OpenPlay,2025,LeftFoot,28786,Manchester United,Arsenal,0,1,2025-08-17 15:30:00,Casemiro,Chipped,21.119998168945315,30.639999389648438
638229,29,ShotOnPost,0.7930000305175782,0.7280000305175781,0.0356006398797035,Patrick Dorgu,h,11944,OpenPlay,2025,LeftFoot,28786,Manchester United,Arsenal,0,1,2025-08-17 15:30:00,Bruno Fernandes,Pass,24.839996337890625,58.24000244140625
638230,32,SavedShot,0.830999984741211,0.37,0.1150501817464828,Matheus Cunha,h,7080,OpenPlay,2025,RightFoot,28786,Manchester United,Arsenal,0,1,2025-08-17 15:30:00,Diogo Dalot,TakeOn,20.28000183105469,29.6
638231,33,SavedShot,0.749000015258789,0.56,0.0187245421111583,Matheus Cunha,h,7080,OpenPlay,2025,RightFoot,28786,Manchester United,Arsenal,0,1,2025-08-17 15:30:00,Bryan Mbeumo,Pass,30.119998168945315,44.800000000000004
638233,37,SavedShot,0.9569999694824218,0.66,0.0641559809446334,Matheus Cunha,h,7080,OpenPlay,2025,LeftFoot,28786,Manchester United,Arsenal,0,1,2025-08-17 15:30:00,Mason Mount,Pass,5.160003662109375,52.800000000000004
638234,37,BlockedShot,0.8430000305175781,0.5690000152587891,0.0573859587311744,Bruno Fernandes,h,1228,OpenPlay,2025,LeftFoot,28786,Manchester United,Arsenal,0,1,2025-08-17 15:30:00,,Dispossessed,18.839996337890625,45.52000122070312
638237,43,BlockedShot,0.8669999694824219,0.625,0.0735544115304946,Mason Mount,h,7768,OpenPlay,2025,RightFoot,28786,Manchester United,Arsenal,0,1,2025-08-17 15:30:00,Matheus Cunha,Pass,15.960003662109372,50.0
638238,48,BlockedShot,0.8719999694824219,0.6359999847412109,0.0633162036538124,Mason Mount,h,7768,OpenPlay,2025,LeftFoot,28786,Manchester United,Arsenal,0,1,2025-08-17 15:30:00,Luke Shaw,Pass,15.360003662109378,50.87999877929687
638241,68,BlockedShot,0.9009999847412109,0.4470000076293945,0.0860031619668006,Bryan Mbeumo,h,6552,OpenPlay,2025,RightFoot,28786,Manchester United,Arsenal,0,1,2025-08-17 15:30:00,,BallTouch,11.880001831054699,35.76000061035156
638242,68,MissedShots,0.8859999847412109,0.5129999923706055,0.078298419713974,Bryan Mbeumo,h,6552,OpenPlay,2025,RightFoot,28786,Manchester United,Arsenal,0,1,2025-08-17 15:30:00,Bruno Fernandes,Cross,13.680001831054696,41.039999389648436
638243,72,SavedShot,0.9030000305175782,0.4640000152587891,0.0567006058990955,Bryan Mbeumo,h,6552,OpenPlay,2025,Head,28786,Manchester United,Arsenal,0,1,2025-08-17 15:30:00,,None,11.639996337890622,37.12000122070313
638244,73,MissedShots,0.9059999847412109,0.4490000152587891,0.0467335768043994,Benjamin Sesko,h,11974,OpenPlay,2025,Head,28786,Manchester United,Arsenal,0,1,2025-08-17 15:30:00,Bruno Fernandes,Chipped,11.28000183105469,35.92000122070313
638245,76,SavedShot,0.8209999847412109,0.25799999237060545,0.0169318187981843,Amad Diallo Traore,h,8127,OpenPlay,2025,LeftFoot,28786,Manchester United,Arsenal,0,1,2025-08-17 15:30:00,Manuel Ugarte,TakeOn,21.480001831054693,20.639999389648438
638247,87,MissedShots,0.7180000305175781,0.53,0.015479695983231,Manuel Ugarte,h,11766,OpenPlay,2025,RightFoot,28786,Manchester United,Arsenal,0,1,2025-08-17 15:30:00,Benjamin Sesko,Pass,33.839996337890625,42.400000000000006
638248,88,MissedShots,0.905,0.31799999237060544,0.0645395591855049,Matthijs de Ligt,h,7902,OpenPlay,2025,LeftFoot,28786,Manchester United,Arsenal,0,1,2025-08-17 15:30:00,Amad Diallo Traore,Pass,11.399999999999991,25.439999389648435
638249,88,BlockedShot,0.9309999847412109,0.4929999923706055,0.1362403780221939,Matheus Cunha,h,7080,OpenPlay,2025,RightFoot,28786,Manchester United,Arsenal,0,1,2025-08-17 15:30:00,Matthijs de Ligt,Rebound,8.28000183105469,39.43999938964844
638250,88,BlockedShot,0.9330000305175781,0.33299999237060546,0.0740615278482437,Matthijs de Ligt,h,7902,OpenPlay,2025,LeftFoot,28786,Manchester United,Arsenal,0,1,2025-08-17 15:30:00,Benjamin Sesko,Pass,8.039996337890628,26.639999389648438
638251,89,MissedShots,0.855999984741211,0.47700000762939454,0.0299910064786672,Benjamin Sesko,h,11974,OpenPlay,2025,Head,28786,Manchester United,Arsenal,0,1,2025-08-17 15:30:00,Bruno Fernandes,Chipped,17.280001831054676,38.16000061035156
638253,95,SavedShot,0.9309999847412109,0.5029999923706054,0.0645206496119499,Matthijs de Ligt,h,7902,FromCorner,2025,Head,28786,Manchester United,Arsenal,0,1,2025-08-17 15:30:00,,Aerial,8.28000183105469,40.23999938964843
638225,12,Goal,0.9940000152587891,0.49,0.8442546129226685,Riccardo Calafiori,a,8129,FromCorner,2025,Head,28786,Manchester United,Arsenal,0,1,2025-08-17 15:30:00,,None,119.28000183105469,40.8
638228,25,SavedShot,0.87,0.6930000305175781,0.0585200823843479,Gabriel Martinelli,a,7752,OpenPlay,2025,RightFoot,28786,Manchester United,Arsenal,0,1,2025-08-17 15:30:00,Bukayo Saka,Pass,104.4,24.55999755859375
638232,34,SavedShot,0.7769999694824219,0.42200000762939455,0.0608952939510345,Martin Odegaard,a,2517,OpenPlay,2025,LeftFoot,28786,Manchester United,Arsenal,0,1,2025-08-17 15:30:00,Ben White,TakeOn,93.23999633789063,46.23999938964844
638235,40,MissedShots,0.8719999694824219,0.4209999847412109,0.0668528005480766,Martin Odegaard,a,2517,FromCorner,2025,LeftFoot,28786,Manchester United,Arsenal,0,1,2025-08-17 15:30:00,,None,104.63999633789062,46.320001220703126
638236,40,MissedShots,0.7469999694824219,0.45799999237060546,0.0184373389929533,Ben White,a,7298,FromCorner,2025,RightFoot,28786,Manchester United,Arsenal,0,1,2025-08-17 15:30:00,,BallTouch,89.63999633789062,43.36000061035156
638239,58,MissedShots,0.774000015258789,0.519000015258789,0.0330199003219604,Declan Rice,a,5553,OpenPlay,2025,RightFoot,28786,Manchester United,Arsenal,0,1,2025-08-17 15:30:00,Gabriel Martinelli,Pass,92.88000183105468,38.47999877929688
638240,63,BlockedShot,0.8440000152587891,0.6730000305175782,0.0538807921111583,Declan Rice,a,5553,OpenPlay,2025,LeftFoot,28786,Manchester United,Arsenal,0,1,2025-08-17 15:30:00,Noni Madueke,Pass,101.28000183105469,26.159997558593744
638246,81,BlockedShot,0.78,0.3129999923706055,0.0594347938895225,Declan Rice,a,5553,DirectFreekick,2025,RightFoot,28786,Manchester United,Arsenal,0,1,2025-08-17 15:30:00,,Standard,93.60000000000001,54.96000061035156
638252,91,BlockedShot,0.9009999847412109,0.425,0.1351037770509719,Bukayo Saka,a,7322,OpenPlay,2025,LeftFoot,28786,Manchester United,Arsenal,0,1,2025-08-17 15:30:00,Martin Odegaard,Pass,108.1199981689453,46.0
638377,4,SavedShot,0.9490000152587891,0.5970000076293945,0.4093262255191803,Joël Piroe,h,13835,OpenPlay,2025,LeftFoot,28787,Leeds,Everton,1,0,2025-08-18 19:00:00,,None,6.119998168945315,47.76000061035156
638378,9,BlockedShot,0.7819999694824219,0.34799999237060547,0.0243188701570034,Joël Piroe,h,13835,OpenPlay,2025,RightFoot,28787,Leeds,Everton,1,0,2025-08-18 19:00:00,Pascal Struijk,BallRecovery,26.160003662109375,27.839999389648437
638379,12,BlockedShot,0.7719999694824219,0.4159999847412109,0.0147586381062865,Daniel James,h,5595,FromCorner,2025,LeftFoot,28787,Leeds,Everton,1,0,2025-08-18 19:00:00,,Aerial,27.360003662109378,33.279998779296875
638380,14,BlockedShot,0.7869999694824219,0.5629999923706055,0.0161182414740324,Gabriel Gudmundsson,h,9944,FromCorner,2025,LeftFoot,28787,Leeds,Everton,1,0,2025-08-18 19:00:00,,Aerial,25.560003662109366,45.03999938964844
638381,20,BlockedShot,0.8880000305175781,0.534000015258789,0.0902943685650825,Joël Piroe,h,13835,OpenPlay,2025,RightFoot,28787,Leeds,Everton,1,0,2025-08-18 19:00:00,Daniel James,Cross,13.43999633789062,42.720001220703125
638382,30,MissedShots,0.715999984741211,0.580999984741211,0.0156628210097551,Ao Tanaka,h,13834,OpenPlay,2025,RightFoot,28787,Leeds,Everton,1,0,2025-08-18 19:00:00,Anton Stach,Pass,34.08000183105469,46.47999877929688
638383,35,MissedShots,0.9,0.5570000076293945,0.0321714580059051,Anton Stach,h,9910,OpenPlay,2025,Head,28787,Leeds,Everton,1,0,2025-08-18 19:00:00,Gabriel Gudmundsson,CornerAwarded,12.0,44.56000061035156
638384,35,BlockedShot,0.9119999694824219,0.4759999847412109,0.1070418506860733,Daniel James,h,5595,OpenPlay,2025,RightFoot,28787,Leeds,Everton,1,0,2025-08-18 19:00:00,Anton Stach,None,10.560003662109366,38.07999877929687
638385,36,MissedShots,0.9690000152587891,0.57,0.1181735694408416,Pascal Struijk,h,8717,FromCorner,2025,Head,28787,Leeds,Everton,1,0,2025-08-18 19:00:00,Anton Stach,Cross,3.7199981689453097,45.599999999999994
638386,36,BlockedShot,0.7780000305175782,0.47900001525878905,0.0331664979457855,Wilfried Gnonto,h,11155,FromCorner,2025,RightFoot,28787,Leeds,Everton,1,0,2025-08-18 19:00:00,,Rebound,26.639996337890622,38.320001220703126
638387,37,BlockedShot,0.8590000152587891,0.7030000305175781,0.0425171479582786,Gabriel Gudmundsson,h,9944,OpenPlay,2025,RightFoot,28787,Leeds,Everton,1,0,2025-08-18 19:00:00,,BallRecovery,16.919998168945312,56.24000244140625
638388,43,MissedShots,0.7880000305175782,0.735,0.015106682665646,Wilfried Gnonto,h,11155,OpenPlay,2025,LeftFoot,28787,Leeds,Everton,1,0,2025-08-18 19:00:00,Ao Tanaka,Pass,25.43999633789062,58.8
638390,54,MissedShots,0.9259999847412109,0.3890000152587891,0.0861758962273597,Wilfried Gnonto,h,11155,OpenPlay,2025,RightFoot,28787,Leeds,Everton,1,0,2025-08-18 19:00:00,,None,8.880001831054685,31.120001220703127
638391,59,BlockedShot,0.9569999694824218,0.435,0.0601345039904117,Gabriel Gudmundsson,h,9944,FromCorner,2025,Head,28787,Leeds,Everton,1,0,2025-08-18 19:00:00,Anton Stach,Aerial,5.160003662109375,34.8
638395,79,MissedShots,0.8519999694824218,0.5270000076293946,0.0960976257920265,Ao Tanaka,h,13834,OpenPlay,2025,RightFoot,28787,Leeds,Everton,1,0,2025-08-18 19:00:00,Brenden Aaronson,Pass,17.760003662109384,42.16000061035157
638396,81,BlockedShot,0.860999984741211,0.6419999694824219,0.0667071118950843,Lukas Nmecha,h,6544,OpenPlay,2025,RightFoot,28787,Leeds,Everton,1,0,2025-08-18 19:00:00,Ao Tanaka,Pass,16.680001831054682,51.35999755859375
638397,81,BlockedShot,0.7519999694824219,0.4490000152587891,0.0193047299981117,Anton Stach,h,9910,OpenPlay,2025,RightFoot,28787,Leeds,Everton,1,0,2025-08-18 19:00:00,,None,29.76000366210937,35.92000122070313
638398,83,Goal,0.885,0.5,0.7611688375473022,Lukas Nmecha,h,6544,Penalty,2025,RightFoot,28787,Leeds,Everton,1,0,2025-08-18 19:00:00,,Standard,13.799999999999997,40.0
638402,90,SavedShot,0.7830000305175782,0.649000015258789,0.0273878462612628,Anton Stach,h,9910,OpenPlay,2025,RightFoot,28787,Leeds,Everton,1,0,2025-08-18 19:00:00,Gabriel Gudmundsson,Pass,26.039996337890614,51.92000122070312
638403,90,BlockedShot,0.7769999694824219,0.30700000762939456,0.018469899892807,Jayden Bogle,h,9205,OpenPlay,2025,RightFoot,28787,Leeds,Everton,1,0,2025-08-18 19:00:00,,Rebound,26.76000366210937,24.560000610351565
638404,91,MissedShots,0.9569999694824218,0.40299999237060546,0.3315232694149017,Anton Stach,h,9910,OpenPlay,2025,LeftFoot,28787,Leeds,Everton,1,0,2025-08-18 19:00:00,Brenden Aaronson,Cross,5.160003662109375,32.23999938964844
638389,53,MissedShots,0.794000015258789,0.5690000152587891,0.0354994907975196,Idrissa Gueye,a,668,OpenPlay,2025,RightFoot,28787,Leeds,Everton,1,0,2025-08-18 19:00:00,Iliman Ndiaye,Pass,95.28000183105469,34.47999877929688
638392,63,BlockedShot,0.6880000305175781,0.39799999237060546,0.0321317762136459,James Garner,a,7438,DirectFreekick,2025,RightFoot,28787,Leeds,Everton,1,0,2025-08-18 19:00:00,,Standard,82.56000366210937,48.16000061035156
638393,75,SavedShot,0.945,0.29600000381469727,0.0679766461253166,Carlos Alcaraz,a,11297,SetPiece,2025,RightFoot,28787,Leeds,Everton,1,0,2025-08-18 19:00:00,,TakeOn,113.39999999999999,56.31999969482422
638394,76,MissedShots,0.955999984741211,0.455,0.0764912739396095,Jake O&#039;Brien,a,12014,FromCorner,2025,Head,28787,Leeds,Everton,1,0,2025-08-18 19:00:00,Kiernan Dewsbury-Hall,Aerial,114.71999816894531,43.6
638399,87,BlockedShot,0.88,0.5829999923706055,0.0783267170190811,Jack Grealish,a,675,SetPiece,2025,LeftFoot,28787,Leeds,Everton,1,0,2025-08-18 19:00:00,,BallTouch,105.6,33.36000061035156
638400,87,BlockedShot,0.9009999847412109,0.4909999847412109,0.0418624207377433,Beto,a,9983,SetPiece,2025,Head,28787,Leeds,Everton,1,0,2025-08-18 19:00:00,Idrissa Gueye,Aerial,108.1199981689453,40.720001220703125
638401,87,MissedShots,0.97,0.5790000152587891,0.3569940626621246,James Tarkowski,a,1665,SetPiece,2025,Head,28787,Leeds,Everton,1,0,2025-08-18 19:00:00,,Rebound,116.39999999999999,33.679998779296874
