,1,2,3,4,5,6,7,8,9,10,11,12,13,14,15,16,17,18,19,20,Final xPTS
Manchester City,0.834100,0.150200,0.013300,0.001800,0.000400,0.000100,0.000100,0.000000,0.000000,0.000000,0.000000,0.000000,0.000000,0.000000,0.000000,0.000000,0.000000,0.000000,0.000000,0.000000,88.060200
Arsenal,0.152200,0.639300,0.132100,0.042800,0.017100,0.008100,0.003600,0.002000,0.001800,0.000400,0.000300,0.000200,0.000000,0.000000,0.000100,0.000000,0.000000,0.000000,0.000000,0.000000,78.424100
Liverpool,0.004700,0.058400,0.204400,0.174700,0.145600,0.112600,0.089400,0.061500,0.049700,0.035000,0.023700,0.017400,0.011000,0.006000,0.004100,0.001200,0.000600,0.000000,0.000000,0.000000,64.381000
Brentford,0.004700,0.053600,0.188900,0.181500,0.148700,0.115800,0.086900,0.063600,0.049200,0.039400,0.026300,0.016000,0.010600,0.007100,0.004500,0.002300,0.000800,0.000100,0.000000,0.000000,63.905600
Brighton,0.001700,0.034800,0.148000,0.150700,0.137000,0.118900,0.102000,0.083500,0.063900,0.051400,0.040300,0.027100,0.019500,0.012400,0.005200,0.002400,0.001200,0.000000,0.000000,0.000000,62.109400
Leeds,0.001200,0.021200,0.097400,0.122800,0.123200,0.124700,0.116100,0.095400,0.079400,0.065700,0.050400,0.037000,0.026700,0.018700,0.010000,0.007900,0.002000,0.000200,0.000000,0.000000,60.513800
Manchester United,0.000900,0.018000,0.081600,0.101200,0.113100,0.117200,0.104600,0.103600,0.086600,0.074500,0.063300,0.046700,0.034700,0.024500,0.017400,0.008600,0.003300,0.000200,0.000000,0.000000,59.299200
Chelsea,0.000000,0.009600,0.052700,0.073300,0.085000,0.105200,0.111800,0.104300,0.095800,0.090000,0.071900,0.060300,0.051000,0.037400,0.027500,0.015500,0.007900,0.000800,0.000000,0.000000,57.616300
Newcastle United,0.000400,0.007700,0.041100,0.062200,0.080800,0.091700,0.100000,0.106300,0.098400,0.094200,0.079700,0.069700,0.058200,0.044800,0.032600,0.020700,0.010500,0.001000,0.000000,0.000000,56.740700
Everton,0.000100,0.002700,0.014500,0.026700,0.040900,0.054900,0.071900,0.080000,0.099500,0.097900,0.102900,0.099600,0.095500,0.079300,0.060400,0.044500,0.025800,0.002800,0.000100,0.000000,53.159900
Bournemouth,0.000000,0.002500,0.009600,0.022700,0.039800,0.044300,0.056400,0.076700,0.087400,0.099300,0.102500,0.100600,0.096800,0.084500,0.074300,0.060200,0.037100,0.004700,0.000600,0.000000,51.991300
Aston Villa,0.000000,0.001300,0.008800,0.019600,0.027800,0.041400,0.054500,0.068700,0.081200,0.088300,0.101500,0.102300,0.098800,0.099900,0.082700,0.068900,0.046900,0.006800,0.000600,0.000000,51.397500
Nottingham Forest,0.000000,0.000400,0.002900,0.008300,0.015500,0.022100,0.033000,0.046500,0.059700,0.071100,0.085500,0.095800,0.108600,0.116400,0.112600,0.117100,0.086900,0.014900,0.002700,0.000000,48.559400
Tottenham Hotspur,0.000000,0.000200,0.001100,0.004900,0.009000,0.015200,0.026400,0.038900,0.050600,0.065800,0.073600,0.097200,0.109500,0.116500,0.131500,0.125000,0.113300,0.019400,0.001900,0.000000,47.523800
Sunderland,0.000000,0.000100,0.002200,0.003200,0.007200,0.012200,0.019500,0.029800,0.037200,0.051100,0.070700,0.086900,0.102400,0.119900,0.137600,0.149200,0.142700,0.024100,0.003900,0.000100,46.323800
Crystal Palace,0.000000,0.000000,0.001100,0.002200,0.005400,0.008700,0.012000,0.021800,0.032200,0.040500,0.054800,0.071900,0.090500,0.114400,0.146600,0.167800,0.186400,0.036400,0.007000,0.000300,45.013300
Fulham,0.000000,0.000000,0.000300,0.001400,0.003500,0.006900,0.011800,0.017400,0.027200,0.035100,0.052500,0.070200,0.084400,0.113500,0.139800,0.172600,0.206000,0.046900,0.009900,0.000600,44.117400
Ipswich Town,0.000000,0.000000,0.000000,0.000000,0.000000,0.000000,0.000000,0.000000,0.000200,0.000300,0.000000,0.000900,0.001300,0.003000,0.007800,0.024800,0.078100,0.463100,0.366900,0.053600,28.793100
Hull City,0.000000,0.000000,0.000000,0.000000,0.000000,0.000000,0.000000,0.000000,0.000000,0.000000,0.000100,0.000200,0.000500,0.001700,0.005300,0.011300,0.049900,0.360600,0.498500,0.071900,27.240200
Coventry City,0.000000,0.000000,0.000000,0.000000,0.000000,0.000000,0.000000,0.000000,0.000000,0.000000,0.000000,0.000000,0.000000,0.000000,0.000000,0.000000,0.000600,0.018000,0.107900,0.873500,16.707700
